datetime,id,open,high,low,close,volume,open_oi,close_oi,symbol,duration
1.6292505e+18,48665.0,5263.0,5268.0,5263.0,5263.0,2709.0,1168223.0,1168887.0,SHFE.rb2201,60
1.62925056e+18,48666.0,5263.0,5267.0,5261.0,5263.0,2693.0,1168887.0,1169267.0,SHFE.rb2201,60
1.62925062e+18,48667.0,5263.0,5263.0,5258.0,5259.0,5978.0,1169267.0,1170480.0,SHFE.rb2201,60
1.62925068e+18,48668.0,5259.0,5262.0,5256.0,5257.0,4327.0,1170480.0,1170782.0,SHFE.rb2201,60
1.62925074e+18,48669.0,5257.0,5266.0,5256.0,5262.0,4276.0,1170782.0,1171088.0,SHFE.rb2201,60
1.6292508e+18,48670.0,5262.0,5263.0,5259.0,5262.0,3582.0,1171088.0,1171460.0,SHFE.rb2201,60
1.62925086e+18,48671.0,5262.0,5262.0,5254.0,5254.0,8109.0,1171460.0,1173491.0,SHFE.rb2201,60
1.62925092e+18,48672.0,5254.0,5256.0,5251.0,5254.0,8755.0,1173491.0,1174294.0,SHFE.rb2201,60
1.62925098e+18,48673.0,5254.0,5255.0,5251.0,5253.0,4563.0,1174294.0,1174969.0,SHFE.rb2201,60
1.62925104e+18,48674.0,5253.0,5255.0,5250.0,5255.0,9525.0,1174969.0,1175652.0,SHFE.rb2201,60
1.6292511e+18,48675.0,5255.0,5257.0,5250.0,5255.0,6153.0,1175652.0,1176430.0,SHFE.rb2201,60
1.62925116e+18,48676.0,5255.0,5255.0,5245.0,5246.0,11452.0,1176430.0,1178084.0,SHFE.rb2201,60
1.62925122e+18,48677.0,5246.0,5249.0,5244.0,5244.0,8818.0,1178084.0,1180709.0,SHFE.rb2201,60
1.62925128e+18,48678.0,5244.0,5244.0,5239.0,5241.0,13733.0,1180709.0,1183378.0,SHFE.rb2201,60
1.62925134e+18,48679.0,5241.0,5242.0,5233.0,5234.0,15636.0,1183378.0,1187159.0,SHFE.rb2201,60
1.6292514e+18,48680.0,5234.0,5242.0,5233.0,5242.0,11821.0,1187159.0,1187077.0,SHFE.rb2201,60
1.62925146e+18,48681.0,5242.0,5244.0,5240.0,5244.0,7204.0,1187077.0,1187951.0,SHFE.rb2201,60
1.62925152e+18,48682.0,5244.0,5245.0,5237.0,5238.0,9367.0,1187951.0,1188059.0,SHFE.rb2201,60
1.62925158e+18,48683.0,5238.0,5240.0,5230.0,5230.0,16669.0,1188059.0,1191068.0,SHFE.rb2201,60
1.62925164e+18,48684.0,5230.0,5234.0,5226.0,5233.0,13963.0,1191068.0,1192969.0,SHFE.rb2201,60
1.6292517e+18,48685.0,5233.0,5237.0,5226.0,5237.0,10674.0,1192969.0,1194044.0,SHFE.rb2201,60
1.62925176e+18,48686.0,5237.0,5240.0,5234.0,5239.0,6270.0,1194044.0,1193786.0,SHFE.rb2201,60
1.62925182e+18,48687.0,5239.0,5243.0,5236.0,5241.0,7121.0,1193786.0,1193463.0,SHFE.rb2201,60
1.62925188e+18,48688.0,5241.0,5241.0,5235.0,5235.0,5146.0,1193463.0,1193669.0,SHFE.rb2201,60
1.62925194e+18,48689.0,5235.0,5236.0,5229.0,5229.0,5404.0,1193669.0,1195458.0,SHFE.rb2201,60
1.629252e+18,48690.0,5229.0,5238.0,5226.0,5236.0,8513.0,1195458.0,1197641.0,SHFE.rb2201,60
1.62925206e+18,48691.0,5236.0,5238.0,5232.0,5233.0,4007.0,1197641.0,1198772.0,SHFE.rb2201,60
1.62925212e+18,48692.0,5233.0,5234.0,5226.0,5233.0,5688.0,1198772.0,1200192.0,SHFE.rb2201,60
1.62925218e+18,48693.0,5233.0,5233.0,5227.0,5231.0,2756.0,1200192.0,1200914.0,SHFE.rb2201,60
1.62925224e+18,48694.0,5231.0,5234.0,5228.0,5232.0,3070.0,1200914.0,1201499.0,SHFE.rb2201,60
1.6292523e+18,48695.0,5232.0,5233.0,5224.0,5225.0,8252.0,1201499.0,1202580.0,SHFE.rb2201,60
1.62925236e+18,48696.0,5225.0,5228.0,5224.0,5225.0,4187.0,1202580.0,1203699.0,SHFE.rb2201,60
1.62925242e+18,48697.0,5225.0,5225.0,5210.0,5211.0,23967.0,1203699.0,1209048.0,SHFE.rb2201,60
1.62925248e+18,48698.0,5211.0,5213.0,5207.0,5210.0,16505.0,1209048.0,1214311.0,SHFE.rb2201,60
1.62925254e+18,48699.0,5210.0,5210.0,5199.0,5202.0,32504.0,1214311.0,1219987.0,SHFE.rb2201,60
1.6292526e+18,48700.0,5202.0,5204.0,5196.0,5199.0,19543.0,1219987.0,1221825.0,SHFE.rb2201,60
1.62925266e+18,48701.0,5199.0,5199.0,5178.0,5182.0,30157.0,1221825.0,1226082.0,SHFE.rb2201,60
1.62925272e+18,48702.0,5182.0,5182.0,5166.0,5172.0,28285.0,1226082.0,1229062.0,SHFE.rb2201,60
1.62925278e+18,48703.0,5172.0,5181.0,5171.0,5172.0,20104.0,1229062.0,1230282.0,SHFE.rb2201,60
1.62925284e+18,48704.0,5172.0,5174.0,5162.0,5163.0,23995.0,1230282.0,1234119.0,SHFE.rb2201,60
1.6292538e+18,48705.0,5163.0,5171.0,5154.0,5156.0,39633.0,1234119.0,1239704.0,SHFE.rb2201,60
1.62925386e+18,48706.0,5156.0,5159.0,5131.0,5143.0,39860.0,1239704.0,1243172.0,SHFE.rb2201,60
1.62925392e+18,48707.0,5143.0,5146.0,5126.0,5132.0,28992.0,1243172.0,1246612.0,SHFE.rb2201,60
1.62925398e+18,48708.0,5132.0,5137.0,5125.0,5134.0,20635.0,1246612.0,1249763.0,SHFE.rb2201,60
1.62925404e+18,48709.0,5134.0,5148.0,5134.0,5146.0,29880.0,1249763.0,1251115.0,SHFE.rb2201,60
1.6292541e+18,48710.0,5146.0,5155.0,5145.0,5155.0,24393.0,1251115.0,1250432.0,SHFE.rb2201,60
1.62925416e+18,48711.0,5155.0,5162.0,5148.0,5158.0,23667.0,1250432.0,1247054.0,SHFE.rb2201,60
1.62925422e+18,48712.0,5158.0,5160.0,5144.0,5148.0,14256.0,1247054.0,1247630.0,SHFE.rb2201,60
1.62925428e+18,48713.0,5148.0,5149.0,5139.0,5143.0,13040.0,1247630.0,1251260.0,SHFE.rb2201,60
1.62925434e+18,48714.0,5143.0,5146.0,5136.0,5137.0,11759.0,1251260.0,1251553.0,SHFE.rb2201,60
1.6292544e+18,48715.0,5137.0,5152.0,5132.0,5150.0,15242.0,1251553.0,1252775.0,SHFE.rb2201,60
1.62925446e+18,48716.0,5150.0,5157.0,5148.0,5156.0,13746.0,1252775.0,1253382.0,SHFE.rb2201,60
1.62925452e+18,48717.0,5156.0,5170.0,5156.0,5168.0,21035.0,1253382.0,1251346.0,SHFE.rb2201,60
1.62925458e+18,48718.0,5168.0,5171.0,5164.0,5170.0,12166.0,1251346.0,1252074.0,SHFE.rb2201,60
1.62925464e+18,48719.0,5170.0,5171.0,5162.0,5163.0,10636.0,1252074.0,1253026.0,SHFE.rb2201,60
1.6292547e+18,48720.0,5163.0,5178.0,5162.0,5172.0,17511.0,1253026.0,1253330.0,SHFE.rb2201,60
1.62925476e+18,48721.0,5172.0,5179.0,5168.0,5174.0,13977.0,1253330.0,1255741.0,SHFE.rb2201,60
1.62925482e+18,48722.0,5174.0,5175.0,5171.0,5171.0,8207.0,1255741.0,1256925.0,SHFE.rb2201,60
1.62925488e+18,48723.0,5171.0,5173.0,5163.0,5168.0,11874.0,1256925.0,1258210.0,SHFE.rb2201,60
1.62925494e+18,48724.0,5168.0,5175.0,5164.0,5171.0,6631.0,1258210.0,1257537.0,SHFE.rb2201,60
1.629255e+18,48725.0,5171.0,5172.0,5163.0,5171.0,9878.0,1257537.0,1257853.0,SHFE.rb2201,60
1.62925506e+18,48726.0,5171.0,5179.0,5171.0,5175.0,9230.0,1257853.0,1258581.0,SHFE.rb2201,60
1.62925512e+18,48727.0,5175.0,5176.0,5169.0,5172.0,4723.0,1258581.0,1259275.0,SHFE.rb2201,60
1.62925518e+18,48728.0,5172.0,5176.0,5168.0,5175.0,4144.0,1259275.0,1259246.0,SHFE.rb2201,60
1.62925524e+18,48729.0,5175.0,5177.0,5171.0,5172.0,5991.0,1259246.0,1260132.0,SHFE.rb2201,60
1.6292553e+18,48730.0,5172.0,5180.0,5170.0,5178.0,8829.0,1260132.0,1260293.0,SHFE.rb2201,60
1.62925536e+18,48731.0,5178.0,5180.0,5175.0,5179.0,7965.0,1260293.0,1260294.0,SHFE.rb2201,60
1.62925542e+18,48732.0,5179.0,5188.0,5176.0,5183.0,13587.0,1260294.0,1257135.0,SHFE.rb2201,60
1.62925548e+18,48733.0,5183.0,5186.0,5180.0,5181.0,7405.0,1257135.0,1257924.0,SHFE.rb2201,60
1.62925554e+18,48734.0,5181.0,5182.0,5167.0,5168.0,12785.0,1257924.0,1257647.0,SHFE.rb2201,60
1.6292556e+18,48735.0,5168.0,5175.0,5166.0,5174.0,8701.0,1257647.0,1257241.0,SHFE.rb2201,60
1.62925566e+18,48736.0,5174.0,5186.0,5173.0,5186.0,9532.0,1257241.0,1257292.0,SHFE.rb2201,60
1.62925572e+18,48737.0,5186.0,5193.0,5184.0,5190.0,13339.0,1257292.0,1256564.0,SHFE.rb2201,60
1.62925578e+18,48738.0,5190.0,5194.0,5188.0,5192.0,11883.0,1256564.0,1256595.0,SHFE.rb2201,60
1.62925584e+18,48739.0,5192.0,5202.0,5192.0,5196.0,20916.0,1256595.0,1254888.0,SHFE.rb2201,60
1.6292559e+18,48740.0,5196.0,5203.0,5195.0,5200.0,12292.0,1254888.0,1255724.0,SHFE.rb2201,60
1.62925596e+18,48741.0,5200.0,5210.0,5200.0,5208.0,16136.0,1255724.0,1252920.0,SHFE.rb2201,60
1.62925602e+18,48742.0,5208.0,5213.0,5206.0,5210.0,15043.0,1252920.0,1251644.0,SHFE.rb2201,60
1.62925608e+18,48743.0,5210.0,5210.0,5205.0,5207.0,8042.0,1251644.0,1250475.0,SHFE.rb2201,60
1.62925614e+18,48744.0,5207.0,5214.0,5205.0,5207.0,11221.0,1250475.0,1248920.0,SHFE.rb2201,60
1.6292562e+18,48745.0,5207.0,5208.0,5199.0,5201.0,15410.0,1248920.0,1248395.0,SHFE.rb2201,60
1.62925626e+18,48746.0,5201.0,5213.0,5201.0,5211.0,8796.0,1248395.0,1248192.0,SHFE.rb2201,60
1.62925632e+18,48747.0,5211.0,5214.0,5205.0,5207.0,6936.0,1248192.0,1247477.0,SHFE.rb2201,60
1.62925638e+18,48748.0,5207.0,5211.0,5204.0,5207.0,5149.0,1247477.0,1247470.0,SHFE.rb2201,60
1.62925644e+18,48749.0,5207.0,5209.0,5200.0,5204.0,5335.0,1247470.0,1247697.0,SHFE.rb2201,60
1.6292565e+18,48750.0,5204.0,5211.0,5200.0,5200.0,7046.0,1247697.0,1247147.0,SHFE.rb2201,60
1.62925656e+18,48751.0,5200.0,5204.0,5196.0,5200.0,7835.0,1247147.0,1246867.0,SHFE.rb2201,60
1.62925662e+18,48752.0,5200.0,5201.0,5191.0,5193.0,12754.0,1246867.0,1246087.0,SHFE.rb2201,60
1.62925668e+18,48753.0,5193.0,5195.0,5188.0,5190.0,10389.0,1246087.0,1245939.0,SHFE.rb2201,60
1.62925674e+18,48754.0,5190.0,5192.0,5186.0,5187.0,10108.0,1245939.0,1246996.0,SHFE.rb2201,60
1.6292568e+18,48755.0,5187.0,5188.0,5181.0,5183.0,9516.0,1246996.0,1246275.0,SHFE.rb2201,60
1.62925686e+18,48756.0,5183.0,5190.0,5182.0,5189.0,6898.0,1246275.0,1245916.0,SHFE.rb2201,60
1.62925692e+18,48757.0,5189.0,5194.0,5189.0,5191.0,5292.0,1245916.0,1246312.0,SHFE.rb2201,60
1.62925698e+18,48758.0,5191.0,5191.0,5178.0,5178.0,9141.0,1246312.0,1245629.0,SHFE.rb2201,60
1.62925704e+18,48759.0,5178.0,5179.0,5169.0,5172.0,12057.0,1245629.0,1246590.0,SHFE.rb2201,60
1.6292571e+18,48760.0,5172.0,5176.0,5169.0,5173.0,8121.0,1246590.0,1247458.0,SHFE.rb2201,60
1.62925716e+18,48761.0,5173.0,5178.0,5169.0,5176.0,6665.0,1247458.0,1247431.0,SHFE.rb2201,60
1.62925722e+18,48762.0,5176.0,5176.0,5165.0,5166.0,8700.0,1247431.0,1248431.0,SHFE.rb2201,60
1.62925728e+18,48763.0,5166.0,5169.0,5164.0,5167.0,5752.0,1248431.0,1248487.0,SHFE.rb2201,60
1.62925734e+18,48764.0,5167.0,5172.0,5162.0,5165.0,10188.0,1248487.0,1248237.0,SHFE.rb2201,60
1.6292646e+18,48765.0,5168.0,5185.0,5168.0,5176.0,17669.0,1248237.0,1248508.0,SHFE.rb2201,60
1.62926466e+18,48766.0,5176.0,5180.0,5168.0,5180.0,9221.0,1248508.0,1249296.0,SHFE.rb2201,60
1.62926472e+18,48767.0,5180.0,5182.0,5169.0,5170.0,6913.0,1249296.0,1250167.0,SHFE.rb2201,60
1.62926478e+18,48768.0,5170.0,5173.0,5164.0,5165.0,7748.0,1250167.0,1250837.0,SHFE.rb2201,60
1.62926484e+18,48769.0,5165.0,5167.0,5162.0,5164.0,5953.0,1250837.0,1251251.0,SHFE.rb2201,60
1.6292649e+18,48770.0,5164.0,5164.0,5155.0,5155.0,19438.0,1251251.0,1248673.0,SHFE.rb2201,60
1.62926496e+18,48771.0,5155.0,5163.0,5155.0,5161.0,7768.0,1248673.0,1249113.0,SHFE.rb2201,60
1.62926502e+18,48772.0,5161.0,5161.0,5153.0,5154.0,10656.0,1249113.0,1249725.0,SHFE.rb2201,60
1.62926508e+18,48773.0,5154.0,5157.0,5147.0,5149.0,16435.0,1249725.0,1248935.0,SHFE.rb2201,60
1.62926514e+18,48774.0,5149.0,5153.0,5147.0,5152.0,10775.0,1248935.0,1248937.0,SHFE.rb2201,60
1.6292652e+18,48775.0,5152.0,5155.0,5149.0,5153.0,8496.0,1248937.0,1249143.0,SHFE.rb2201,60
1.62926526e+18,48776.0,5153.0,5158.0,5153.0,5158.0,7518.0,1249143.0,1249763.0,SHFE.rb2201,60
1.62926532e+18,48777.0,5158.0,5161.0,5155.0,5156.0,6800.0,1249763.0,1250432.0,SHFE.rb2201,60
1.62926538e+18,48778.0,5156.0,5157.0,5148.0,5150.0,10252.0,1250432.0,1250741.0,SHFE.rb2201,60
1.62926544e+18,48779.0,5150.0,5154.0,5149.0,5150.0,7064.0,1250741.0,1251730.0,SHFE.rb2201,60
1.6292655e+18,48780.0,5150.0,5161.0,5150.0,5156.0,7855.0,1251730.0,1251384.0,SHFE.rb2201,60
1.62926556e+18,48781.0,5156.0,5162.0,5154.0,5160.0,5863.0,1251384.0,1252080.0,SHFE.rb2201,60
1.62926562e+18,48782.0,5160.0,5166.0,5160.0,5162.0,7847.0,1252080.0,1251731.0,SHFE.rb2201,60
1.62926568e+18,48783.0,5162.0,5162.0,5151.0,5154.0,7293.0,1251731.0,1253113.0,SHFE.rb2201,60
1.62926574e+18,48784.0,5154.0,5156.0,5151.0,5152.0,5057.0,1253113.0,1253884.0,SHFE.rb2201,60
1.6292658e+18,48785.0,5152.0,5157.0,5151.0,5156.0,5619.0,1253884.0,1255273.0,SHFE.rb2201,60
1.62926586e+18,48786.0,5156.0,5158.0,5150.0,5152.0,9963.0,1255273.0,1255978.0,SHFE.rb2201,60
1.62926592e+18,48787.0,5152.0,5152.0,5148.0,5150.0,6875.0,1255978.0,1257432.0,SHFE.rb2201,60
1.62926598e+18,48788.0,5150.0,5153.0,5148.0,5153.0,5538.0,1257432.0,1258773.0,SHFE.rb2201,60
1.62926604e+18,48789.0,5153.0,5156.0,5150.0,5153.0,4583.0,1258773.0,1259612.0,SHFE.rb2201,60
1.6292661e+18,48790.0,5153.0,5156.0,5148.0,5151.0,6294.0,1259612.0,1259862.0,SHFE.rb2201,60
1.62926616e+18,48791.0,5151.0,5151.0,5142.0,5145.0,15076.0,1259862.0,1259990.0,SHFE.rb2201,60
1.62926622e+18,48792.0,5145.0,5148.0,5144.0,5148.0,4266.0,1259990.0,1260889.0,SHFE.rb2201,60
1.62926628e+18,48793.0,5148.0,5151.0,5146.0,5148.0,2994.0,1260889.0,1261588.0,SHFE.rb2201,60
1.62926634e+18,48794.0,5148.0,5152.0,5146.0,5149.0,3942.0,1261588.0,1261674.0,SHFE.rb2201,60
1.6292664e+18,48795.0,5149.0,5161.0,5149.0,5161.0,7467.0,1261674.0,1261182.0,SHFE.rb2201,60
1.62926646e+18,48796.0,5161.0,5165.0,5158.0,5163.0,9090.0,1261182.0,1259728.0,SHFE.rb2201,60
1.62926652e+18,48797.0,5163.0,5163.0,5158.0,5161.0,4160.0,1259728.0,1259710.0,SHFE.rb2201,60
1.62926658e+18,48798.0,5161.0,5163.0,5160.0,5160.0,3565.0,1259710.0,1260470.0,SHFE.rb2201,60
1.62926664e+18,48799.0,5160.0,5160.0,5156.0,5157.0,4593.0,1260470.0,1260134.0,SHFE.rb2201,60
1.6292667e+18,48800.0,5157.0,5165.0,5156.0,5164.0,3734.0,1260134.0,1259819.0,SHFE.rb2201,60
1.62926676e+18,48801.0,5164.0,5165.0,5159.0,5164.0,4764.0,1259819.0,1259966.0,SHFE.rb2201,60
1.62926682e+18,48802.0,5164.0,5169.0,5162.0,5169.0,6832.0,1259966.0,1259467.0,SHFE.rb2201,60
1.62926688e+18,48803.0,5169.0,5169.0,5164.0,5166.0,5270.0,1259467.0,1258847.0,SHFE.rb2201,60
1.62926694e+18,48804.0,5166.0,5168.0,5162.0,5163.0,3348.0,1258847.0,1258633.0,SHFE.rb2201,60
1.629267e+18,48805.0,5163.0,5164.0,5161.0,5161.0,3127.0,1258633.0,1258199.0,SHFE.rb2201,60
1.62926706e+18,48806.0,5161.0,5162.0,5157.0,5158.0,5031.0,1258199.0,1258134.0,SHFE.rb2201,60
1.62926712e+18,48807.0,5158.0,5158.0,5152.0,5152.0,6143.0,1258134.0,1257841.0,SHFE.rb2201,60
1.62926718e+18,48808.0,5152.0,5154.0,5148.0,5150.0,7715.0,1257841.0,1256377.0,SHFE.rb2201,60
1.62926724e+18,48809.0,5150.0,5151.0,5147.0,5149.0,5774.0,1256377.0,1255244.0,SHFE.rb2201,60
1.6292673e+18,48810.0,5149.0,5153.0,5148.0,5153.0,4865.0,1255244.0,1255417.0,SHFE.rb2201,60
1.62926736e+18,48811.0,5153.0,5156.0,5153.0,5154.0,3508.0,1255417.0,1255174.0,SHFE.rb2201,60
1.62926742e+18,48812.0,5154.0,5155.0,5148.0,5149.0,6010.0,1255174.0,1255874.0,SHFE.rb2201,60
1.62926748e+18,48813.0,5149.0,5153.0,5148.0,5152.0,5036.0,1255874.0,1256596.0,SHFE.rb2201,60
1.62926754e+18,48814.0,5152.0,5152.0,5146.0,5147.0,5207.0,1256596.0,1257337.0,SHFE.rb2201,60
1.6292676e+18,48815.0,5147.0,5150.0,5145.0,5147.0,5066.0,1257337.0,1256747.0,SHFE.rb2201,60
1.62926766e+18,48816.0,5147.0,5152.0,5147.0,5149.0,4388.0,1256747.0,1256679.0,SHFE.rb2201,60
1.62926772e+18,48817.0,5149.0,5149.0,5145.0,5147.0,4690.0,1256679.0,1256915.0,SHFE.rb2201,60
1.62926778e+18,48818.0,5147.0,5152.0,5146.0,5151.0,3499.0,1256915.0,1257083.0,SHFE.rb2201,60
1.62926784e+18,48819.0,5151.0,5154.0,5149.0,5151.0,3702.0,1257083.0,1256934.0,SHFE.rb2201,60
1.6292679e+18,48820.0,5151.0,5152.0,5149.0,5150.0,2897.0,1256934.0,1256884.0,SHFE.rb2201,60
1.62926796e+18,48821.0,5150.0,5161.0,5150.0,5156.0,8490.0,1256884.0,1255460.0,SHFE.rb2201,60
1.62926802e+18,48822.0,5156.0,5157.0,5148.0,5150.0,5075.0,1255460.0,1256438.0,SHFE.rb2201,60
1.62926808e+18,48823.0,5150.0,5150.0,5146.0,5150.0,5829.0,1256438.0,1255538.0,SHFE.rb2201,60
1.62926814e+18,48824.0,5150.0,5152.0,5149.0,5149.0,2249.0,1255538.0,1255145.0,SHFE.rb2201,60
1.6292682e+18,48825.0,5149.0,5157.0,5148.0,5156.0,5199.0,1255145.0,1254425.0,SHFE.rb2201,60
1.62926826e+18,48826.0,5156.0,5156.0,5151.0,5151.0,3402.0,1254425.0,1253716.0,SHFE.rb2201,60
1.62926832e+18,48827.0,5151.0,5152.0,5148.0,5150.0,5725.0,1253716.0,1253578.0,SHFE.rb2201,60
1.62926838e+18,48828.0,5150.0,5151.0,5147.0,5149.0,4719.0,1253578.0,1252900.0,SHFE.rb2201,60
1.62926844e+18,48829.0,5149.0,5151.0,5146.0,5151.0,5706.0,1252900.0,1252655.0,SHFE.rb2201,60
1.6292685e+18,48830.0,5151.0,5155.0,5150.0,5153.0,4292.0,1252655.0,1251880.0,SHFE.rb2201,60
1.62926856e+18,48831.0,5153.0,5157.0,5152.0,5152.0,4166.0,1251880.0,1252053.0,SHFE.rb2201,60
1.62926862e+18,48832.0,5152.0,5153.0,5145.0,5145.0,4621.0,1252053.0,1252000.0,SHFE.rb2201,60
1.62926868e+18,48833.0,5145.0,5146.0,5136.0,5140.0,16418.0,1252000.0,1251616.0,SHFE.rb2201,60
1.62926874e+18,48834.0,5140.0,5143.0,5136.0,5140.0,10116.0,1251616.0,1250902.0,SHFE.rb2201,60
1.6292688e+18,48835.0,5140.0,5150.0,5139.0,5148.0,7795.0,1250902.0,1250798.0,SHFE.rb2201,60
1.62926886e+18,48836.0,5148.0,5149.0,5145.0,5145.0,4077.0,1250798.0,1250800.0,SHFE.rb2201,60
1.62926892e+18,48837.0,5145.0,5148.0,5143.0,5146.0,3892.0,1250800.0,1250875.0,SHFE.rb2201,60
1.62926898e+18,48838.0,5146.0,5151.0,5145.0,5146.0,3991.0,1250875.0,1250798.0,SHFE.rb2201,60
1.62926904e+18,48839.0,5146.0,5148.0,5140.0,5140.0,5363.0,1250798.0,1250839.0,SHFE.rb2201,60
1.6292691e+18,48840.0,5140.0,5145.0,5139.0,5140.0,6550.0,1250839.0,1250935.0,SHFE.rb2201,60
1.62926916e+18,48841.0,5140.0,5143.0,5137.0,5139.0,7523.0,1250935.0,1250487.0,SHFE.rb2201,60
1.62926922e+18,48842.0,5139.0,5141.0,5137.0,5138.0,6573.0,1250487.0,1249946.0,SHFE.rb2201,60
1.62926928e+18,48843.0,5138.0,5139.0,5133.0,5138.0,10317.0,1249946.0,1250136.0,SHFE.rb2201,60
1.62926934e+18,48844.0,5138.0,5144.0,5138.0,5144.0,5854.0,1250136.0,1249484.0,SHFE.rb2201,60
1.6292694e+18,48845.0,5144.0,5150.0,5143.0,5148.0,9158.0,1249484.0,1248167.0,SHFE.rb2201,60
1.62926946e+18,48846.0,5148.0,5149.0,5145.0,5146.0,4460.0,1248167.0,1246755.0,SHFE.rb2201,60
1.62926952e+18,48847.0,5146.0,5157.0,5145.0,5155.0,10957.0,1246755.0,1243538.0,SHFE.rb2201,60
1.62926958e+18,48848.0,5155.0,5159.0,5153.0,5154.0,8200.0,1243538.0,1242226.0,SHFE.rb2201,60
1.62926964e+18,48849.0,5154.0,5156.0,5151.0,5154.0,4440.0,1242226.0,1241880.0,SHFE.rb2201,60
1.6292697e+18,48850.0,5154.0,5158.0,5152.0,5152.0,6932.0,1241880.0,1241810.0,SHFE.rb2201,60
1.62926976e+18,48851.0,5152.0,5155.0,5150.0,5151.0,7078.0,1241810.0,1241299.0,SHFE.rb2201,60
1.62926982e+18,48852.0,5151.0,5152.0,5144.0,5145.0,7274.0,1241299.0,1240860.0,SHFE.rb2201,60
1.62926988e+18,48853.0,5145.0,5146.0,5129.0,5132.0,23387.0,1240860.0,1243135.0,SHFE.rb2201,60
1.62926994e+18,48854.0,5132.0,5146.0,5121.0,5144.0,26392.0,1243135.0,1240085.0,SHFE.rb2201,60
1.6292916e+18,48855.0,5100.0,5118.0,5084.0,5112.0,59972.0,1240085.0,1238839.0,SHFE.rb2201,60
1.62929166e+18,48856.0,5112.0,5113.0,5104.0,5104.0,19651.0,1238839.0,1239931.0,SHFE.rb2201,60
1.62929172e+18,48857.0,5104.0,5104.0,5087.0,5089.0,25046.0,1239931.0,1244492.0,SHFE.rb2201,60
1.62929178e+18,48858.0,5089.0,5094.0,5078.0,5080.0,26443.0,1244492.0,1249391.0,SHFE.rb2201,60
1.62929184e+18,48859.0,5080.0,5085.0,5075.0,5077.0,20118.0,1249391.0,1251851.0,SHFE.rb2201,60
1.6292919e+18,48860.0,5077.0,5088.0,5077.0,5083.0,19903.0,1251851.0,1254231.0,SHFE.rb2201,60
1.62929196e+18,48861.0,5083.0,5094.0,5083.0,5094.0,16553.0,1254231.0,1255150.0,SHFE.rb2201,60
1.62929202e+18,48862.0,5094.0,5100.0,5093.0,5099.0,14026.0,1255150.0,1254787.0,SHFE.rb2201,60
1.62929208e+18,48863.0,5099.0,5110.0,5098.0,5109.0,19648.0,1254787.0,1252446.0,SHFE.rb2201,60
1.62929214e+18,48864.0,5109.0,5113.0,5105.0,5111.0,13523.0,1252446.0,1251126.0,SHFE.rb2201,60
1.6292922e+18,48865.0,5111.0,5120.0,5111.0,5117.0,17745.0,1251126.0,1248606.0,SHFE.rb2201,60
1.62929226e+18,48866.0,5117.0,5126.0,5117.0,5120.0,18267.0,1248606.0,1247543.0,SHFE.rb2201,60
1.62929232e+18,48867.0,5120.0,5120.0,5113.0,5114.0,8500.0,1247543.0,1247942.0,SHFE.rb2201,60
1.62929238e+18,48868.0,5114.0,5117.0,5110.0,5114.0,8435.0,1247942.0,1248025.0,SHFE.rb2201,60
1.62929244e+18,48869.0,5114.0,5114.0,5103.0,5103.0,11166.0,1248025.0,1248783.0,SHFE.rb2201,60
1.6292925e+18,48870.0,5103.0,5105.0,5096.0,5096.0,14325.0,1248783.0,1250066.0,SHFE.rb2201,60
1.62929256e+18,48871.0,5096.0,5100.0,5093.0,5094.0,10863.0,1250066.0,1252004.0,SHFE.rb2201,60
1.62929262e+18,48872.0,5094.0,5099.0,5091.0,5098.0,10773.0,1252004.0,1254020.0,SHFE.rb2201,60
1.62929268e+18,48873.0,5098.0,5105.0,5095.0,5096.0,14441.0,1254020.0,1255721.0,SHFE.rb2201,60
1.62929274e+18,48874.0,5096.0,5107.0,5095.0,5106.0,7940.0,1255721.0,1256824.0,SHFE.rb2201,60
1.6292928e+18,48875.0,5106.0,5111.0,5105.0,5111.0,6821.0,1256824.0,1257573.0,SHFE.rb2201,60
1.62929286e+18,48876.0,5111.0,5111.0,5105.0,5106.0,5594.0,1257573.0,1258244.0,SHFE.rb2201,60
1.62929292e+18,48877.0,5106.0,5109.0,5100.0,5105.0,5232.0,1258244.0,1258376.0,SHFE.rb2201,60
1.62929298e+18,48878.0,5105.0,5105.0,5101.0,5101.0,3390.0,1258376.0,1258613.0,SHFE.rb2201,60
1.62929304e+18,48879.0,5101.0,5105.0,5098.0,5102.0,6119.0,1258613.0,1259979.0,SHFE.rb2201,60
1.6292931e+18,48880.0,5102.0,5104.0,5092.0,5092.0,6302.0,1259979.0,1261149.0,SHFE.rb2201,60
1.62929316e+18,48881.0,5092.0,5096.0,5089.0,5091.0,8146.0,1261149.0,1261851.0,SHFE.rb2201,60
1.62929322e+18,48882.0,5091.0,5095.0,5085.0,5086.0,7141.0,1261851.0,1262568.0,SHFE.rb2201,60
1.62929328e+18,48883.0,5086.0,5091.0,5085.0,5086.0,6983.0,1262568.0,1263485.0,SHFE.rb2201,60
1.62929334e+18,48884.0,5086.0,5087.0,5082.0,5083.0,9427.0,1263485.0,1262595.0,SHFE.rb2201,60
1.6292934e+18,48885.0,5083.0,5096.0,5083.0,5094.0,10086.0,1262595.0,1262070.0,SHFE.rb2201,60
1.62929346e+18,48886.0,5094.0,5101.0,5094.0,5097.0,5625.0,1262070.0,1261925.0,SHFE.rb2201,60
1.62929352e+18,48887.0,5097.0,5100.0,5095.0,5095.0,5251.0,1261925.0,1262661.0,SHFE.rb2201,60
1.62929358e+18,48888.0,5095.0,5100.0,5094.0,5099.0,4330.0,1262661.0,1263460.0,SHFE.rb2201,60
1.62929364e+18,48889.0,5099.0,5101.0,5089.0,5089.0,6777.0,1263460.0,1264427.0,SHFE.rb2201,60
1.6292937e+18,48890.0,5089.0,5091.0,5084.0,5089.0,5633.0,1264427.0,1264660.0,SHFE.rb2201,60
1.62929376e+18,48891.0,5089.0,5095.0,5088.0,5090.0,4400.0,1264660.0,1264359.0,SHFE.rb2201,60
1.62929382e+18,48892.0,5090.0,5090.0,5085.0,5086.0,4557.0,1264359.0,1264777.0,SHFE.rb2201,60
1.62929388e+18,48893.0,5086.0,5086.0,5070.0,5070.0,14145.0,1264777.0,1266203.0,SHFE.rb2201,60
1.62929394e+18,48894.0,5070.0,5070.0,5051.0,5053.0,34527.0,1266203.0,1271275.0,SHFE.rb2201,60
1.629294e+18,48895.0,5053.0,5065.0,5052.0,5064.0,14854.0,1271275.0,1271654.0,SHFE.rb2201,60
1.62929406e+18,48896.0,5064.0,5068.0,5057.0,5058.0,11704.0,1271654.0,1272860.0,SHFE.rb2201,60
1.62929412e+18,48897.0,5058.0,5064.0,5056.0,5056.0,7632.0,1272860.0,1273555.0,SHFE.rb2201,60
1.62929418e+18,48898.0,5056.0,5064.0,5054.0,5063.0,7684.0,1273555.0,1275477.0,SHFE.rb2201,60
1.62929424e+18,48899.0,5063.0,5069.0,5062.0,5069.0,8438.0,1275477.0,1277556.0,SHFE.rb2201,60
1.6292943e+18,48900.0,5069.0,5069.0,5055.0,5058.0,7324.0,1277556.0,1277642.0,SHFE.rb2201,60
1.62929436e+18,48901.0,5058.0,5060.0,5050.0,5050.0,16452.0,1277642.0,1279675.0,SHFE.rb2201,60
1.62929442e+18,48902.0,5050.0,5058.0,5042.0,5044.0,20784.0,1279675.0,1281840.0,SHFE.rb2201,60
1.62929448e+18,48903.0,5044.0,5046.0,5038.0,5042.0,15797.0,1281840.0,1282445.0,SHFE.rb2201,60
1.62929454e+18,48904.0,5042.0,5042.0,5027.0,5028.0,20655.0,1282445.0,1283886.0,SHFE.rb2201,60
1.6292946e+18,48905.0,5028.0,5044.0,5027.0,5043.0,16201.0,1283886.0,1282593.0,SHFE.rb2201,60
1.62929466e+18,48906.0,5043.0,5046.0,5039.0,5044.0,8896.0,1282593.0,1282284.0,SHFE.rb2201,60
1.62929472e+18,48907.0,5044.0,5049.0,5044.0,5047.0,6830.0,1282284.0,1282283.0,SHFE.rb2201,60
1.62929478e+18,48908.0,5047.0,5047.0,5040.0,5041.0,6269.0,1282283.0,1281730.0,SHFE.rb2201,60
1.62929484e+18,48909.0,5041.0,5046.0,5041.0,5043.0,4178.0,1281730.0,1282091.0,SHFE.rb2201,60
1.6292949e+18,48910.0,5043.0,5049.0,5038.0,5048.0,6278.0,1282091.0,1282359.0,SHFE.rb2201,60
1.62929496e+18,48911.0,5048.0,5058.0,5048.0,5056.0,11216.0,1282359.0,1281813.0,SHFE.rb2201,60
1.62929502e+18,48912.0,5056.0,5056.0,5045.0,5047.0,6571.0,1281813.0,1282174.0,SHFE.rb2201,60
1.62929508e+18,48913.0,5047.0,5047.0,5043.0,5043.0,4359.0,1282174.0,1282931.0,SHFE.rb2201,60
1.62929514e+18,48914.0,5043.0,5044.0,5038.0,5041.0,7062.0,1282931.0,1283317.0,SHFE.rb2201,60
1.6292952e+18,48915.0,5041.0,5041.0,5023.0,5023.0,19096.0,1283317.0,1285166.0,SHFE.rb2201,60
1.62929526e+18,48916.0,5023.0,5030.0,5022.0,5023.0,10285.0,1285166.0,1285239.0,SHFE.rb2201,60
1.62929532e+18,48917.0,5023.0,5034.0,5022.0,5032.0,8580.0,1285239.0,1285826.0,SHFE.rb2201,60
1.62929538e+18,48918.0,5032.0,5034.0,5024.0,5024.0,8133.0,1285826.0,1285570.0,SHFE.rb2201,60
1.62929544e+18,48919.0,5024.0,5027.0,5014.0,5018.0,18651.0,1285570.0,1286559.0,SHFE.rb2201,60
1.6292955e+18,48920.0,5018.0,5020.0,5012.0,5014.0,17130.0,1286559.0,1288090.0,SHFE.rb2201,60
1.62929556e+18,48921.0,5014.0,5022.0,5014.0,5017.0,10705.0,1288090.0,1287873.0,SHFE.rb2201,60
1.62929562e+18,48922.0,5017.0,5017.0,5005.0,5007.0,20987.0,1287873.0,1286735.0,SHFE.rb2201,60
1.62929568e+18,48923.0,5007.0,5011.0,4998.0,5000.0,32560.0,1286735.0,1287321.0,SHFE.rb2201,60
1.62929574e+18,48924.0,5000.0,5000.0,4977.0,4983.0,39306.0,1287321.0,1289350.0,SHFE.rb2201,60
1.6292958e+18,48925.0,4983.0,5001.0,4983.0,5000.0,26931.0,1289350.0,1286143.0,SHFE.rb2201,60
1.62929586e+18,48926.0,5000.0,5001.0,4989.0,5000.0,13357.0,1286143.0,1285962.0,SHFE.rb2201,60
1.62929592e+18,48927.0,5000.0,5002.0,4990.0,4997.0,14037.0,1285962.0,1287789.0,SHFE.rb2201,60
1.62929598e+18,48928.0,4997.0,5003.0,4992.0,5000.0,12634.0,1287789.0,1287340.0,SHFE.rb2201,60
1.62929604e+18,48929.0,5000.0,5000.0,4972.0,4973.0,15567.0,1287340.0,1286669.0,SHFE.rb2201,60
1.6292961e+18,48930.0,4973.0,4986.0,4968.0,4973.0,28586.0,1286669.0,1288119.0,SHFE.rb2201,60
1.62929616e+18,48931.0,4973.0,4975.0,4952.0,4963.0,34858.0,1288119.0,1288398.0,SHFE.rb2201,60
1.62929622e+18,48932.0,4963.0,4981.0,4963.0,4977.0,22652.0,1288398.0,1285520.0,SHFE.rb2201,60
1.62929628e+18,48933.0,4977.0,4977.0,4957.0,4958.0,15043.0,1285520.0,1286223.0,SHFE.rb2201,60
1.62929634e+18,48934.0,4958.0,4969.0,4942.0,4946.0,32087.0,1286223.0,1286128.0,SHFE.rb2201,60
1.6292964e+18,48935.0,4946.0,4960.0,4938.0,4958.0,28944.0,1286128.0,1283827.0,SHFE.rb2201,60
1.62929646e+18,48936.0,4958.0,4972.0,4958.0,4972.0,17777.0,1283827.0,1284089.0,SHFE.rb2201,60
1.62929652e+18,48937.0,4972.0,4980.0,4970.0,4972.0,16185.0,1284089.0,1282573.0,SHFE.rb2201,60
1.62929658e+18,48938.0,4972.0,4980.0,4972.0,4976.0,13147.0,1282573.0,1283272.0,SHFE.rb2201,60
1.62929664e+18,48939.0,4976.0,4980.0,4972.0,4975.0,10807.0,1283272.0,1283564.0,SHFE.rb2201,60
1.6292967e+18,48940.0,4975.0,4975.0,4959.0,4966.0,15283.0,1283564.0,1285163.0,SHFE.rb2201,60
1.62929676e+18,48941.0,4966.0,4982.0,4965.0,4979.0,11618.0,1285163.0,1285955.0,SHFE.rb2201,60
1.62929682e+18,48942.0,4979.0,4980.0,4967.0,4970.0,9331.0,1285955.0,1285730.0,SHFE.rb2201,60
1.62929688e+18,48943.0,4970.0,4977.0,4970.0,4974.0,5884.0,1285730.0,1286311.0,SHFE.rb2201,60
1.62929694e+18,48944.0,4974.0,4974.0,4951.0,4961.0,18207.0,1286311.0,1284518.0,SHFE.rb2201,60
1.629297e+18,48945.0,4961.0,4979.0,4961.0,4975.0,14266.0,1284518.0,1285575.0,SHFE.rb2201,60
1.62929706e+18,48946.0,4975.0,4980.0,4963.0,4971.0,15636.0,1285575.0,1284750.0,SHFE.rb2201,60
1.62929712e+18,48947.0,4971.0,4971.0,4957.0,4960.0,12315.0,1284750.0,1282303.0,SHFE.rb2201,60
1.62929718e+18,48948.0,4960.0,4965.0,4954.0,4957.0,13353.0,1282303.0,1280580.0,SHFE.rb2201,60
1.62929724e+18,48949.0,4957.0,4961.0,4953.0,4953.0,9246.0,1280580.0,1280409.0,SHFE.rb2201,60
1.6292973e+18,48950.0,4953.0,4958.0,4950.0,4954.0,8910.0,1280409.0,1280366.0,SHFE.rb2201,60
1.62929736e+18,48951.0,4954.0,4956.0,4951.0,4952.0,8355.0,1280366.0,1281260.0,SHFE.rb2201,60
1.62929742e+18,48952.0,4952.0,4952.0,4935.0,4947.0,21967.0,1281260.0,1281901.0,SHFE.rb2201,60
1.62929748e+18,48953.0,4947.0,4953.0,4941.0,4945.0,8987.0,1281901.0,1283592.0,SHFE.rb2201,60
1.62929754e+18,48954.0,4945.0,4955.0,4945.0,4948.0,7699.0,1283592.0,1283438.0,SHFE.rb2201,60
1.6292976e+18,48955.0,4948.0,4954.0,4944.0,4953.0,6843.0,1283438.0,1282858.0,SHFE.rb2201,60
1.62929766e+18,48956.0,4953.0,4963.0,4953.0,4957.0,10602.0,1282858.0,1283298.0,SHFE.rb2201,60
1.62929772e+18,48957.0,4957.0,4958.0,4950.0,4954.0,5915.0,1283298.0,1283065.0,SHFE.rb2201,60
1.62929778e+18,48958.0,4954.0,4954.0,4937.0,4937.0,18908.0,1283065.0,1279734.0,SHFE.rb2201,60
1.62929784e+18,48959.0,4937.0,4938.0,4925.0,4931.0,27322.0,1279734.0,1277896.0,SHFE.rb2201,60
1.6292979e+18,48960.0,4931.0,4939.0,4928.0,4930.0,15686.0,1277896.0,1276750.0,SHFE.rb2201,60
1.62929796e+18,48961.0,4930.0,4937.0,4929.0,4932.0,12930.0,1276750.0,1276171.0,SHFE.rb2201,60
1.62929802e+18,48962.0,4932.0,4940.0,4932.0,4934.0,10409.0,1276171.0,1275620.0,SHFE.rb2201,60
1.62929808e+18,48963.0,4934.0,4940.0,4932.0,4937.0,6883.0,1275620.0,1276602.0,SHFE.rb2201,60
1.62929814e+18,48964.0,4937.0,4941.0,4932.0,4934.0,9538.0,1276602.0,1277006.0,SHFE.rb2201,60
1.6292982e+18,48965.0,4934.0,4963.0,4934.0,4962.0,21173.0,1277006.0,1273559.0,SHFE.rb2201,60
1.62929826e+18,48966.0,4962.0,4970.0,4958.0,4959.0,17372.0,1273559.0,1270901.0,SHFE.rb2201,60
1.62929832e+18,48967.0,4959.0,4975.0,4959.0,4968.0,13862.0,1270901.0,1268515.0,SHFE.rb2201,60
1.62929838e+18,48968.0,4968.0,4975.0,4968.0,4971.0,10613.0,1268515.0,1267800.0,SHFE.rb2201,60
1.62929844e+18,48969.0,4971.0,4976.0,4962.0,4964.0,11744.0,1267800.0,1266926.0,SHFE.rb2201,60
1.6292985e+18,48970.0,4964.0,4967.0,4954.0,4961.0,10964.0,1266926.0,1267003.0,SHFE.rb2201,60
1.62929856e+18,48971.0,4961.0,4980.0,4961.0,4976.0,13218.0,1267003.0,1262609.0,SHFE.rb2201,60
1.62929862e+18,48972.0,4976.0,4976.0,4965.0,4966.0,8904.0,1262609.0,1260936.0,SHFE.rb2201,60
1.62929868e+18,48973.0,4966.0,4970.0,4961.0,4962.0,8001.0,1260936.0,1259979.0,SHFE.rb2201,60
1.62929874e+18,48974.0,4962.0,4971.0,4962.0,4968.0,12263.0,1259979.0,1255792.0,SHFE.rb2201,60
1.6293348e+18,48975.0,4963.0,4976.0,4956.0,4974.0,22138.0,1255792.0,1255952.0,SHFE.rb2201,60
1.62933486e+18,48976.0,4974.0,4985.0,4969.0,4981.0,18648.0,1255952.0,1255112.0,SHFE.rb2201,60
1.62933492e+18,48977.0,4981.0,4994.0,4980.0,4991.0,20429.0,1255112.0,1253584.0,SHFE.rb2201,60
1.62933498e+18,48978.0,4991.0,4991.0,4985.0,4991.0,12188.0,1253584.0,1253556.0,SHFE.rb2201,60
1.62933504e+18,48979.0,4991.0,4991.0,4982.0,4986.0,11383.0,1253556.0,1253650.0,SHFE.rb2201,60
1.6293351e+18,48980.0,4986.0,4991.0,4983.0,4984.0,9347.0,1253650.0,1254384.0,SHFE.rb2201,60
1.62933516e+18,48981.0,4984.0,4984.0,4973.0,4978.0,10594.0,1254384.0,1253256.0,SHFE.rb2201,60
1.62933522e+18,48982.0,4978.0,4992.0,4978.0,4987.0,9262.0,1253256.0,1254058.0,SHFE.rb2201,60
1.62933528e+18,48983.0,4987.0,4991.0,4985.0,4989.0,8448.0,1254058.0,1254187.0,SHFE.rb2201,60
1.62933534e+18,48984.0,4989.0,4994.0,4988.0,4988.0,9858.0,1254187.0,1252422.0,SHFE.rb2201,60
1.6293354e+18,48985.0,4988.0,4989.0,4978.0,4981.0,10938.0,1252422.0,1251686.0,SHFE.rb2201,60
1.62933546e+18,48986.0,4981.0,4987.0,4978.0,4985.0,5588.0,1251686.0,1252460.0,SHFE.rb2201,60
1.62933552e+18,48987.0,4985.0,4990.0,4985.0,4988.0,5431.0,1252460.0,1252735.0,SHFE.rb2201,60
1.62933558e+18,48988.0,4988.0,4991.0,4984.0,4984.0,7358.0,1252735.0,1253743.0,SHFE.rb2201,60
1.62933564e+18,48989.0,4984.0,4992.0,4980.0,4981.0,7772.0,1253743.0,1253784.0,SHFE.rb2201,60
1.6293357e+18,48990.0,4981.0,4985.0,4978.0,4983.0,8524.0,1253784.0,1254185.0,SHFE.rb2201,60
1.62933576e+18,48991.0,4983.0,4995.0,4983.0,4992.0,14012.0,1254185.0,1253176.0,SHFE.rb2201,60
1.62933582e+18,48992.0,4992.0,4997.0,4989.0,4991.0,8436.0,1253176.0,1253623.0,SHFE.rb2201,60
1.62933588e+18,48993.0,4991.0,4997.0,4989.0,4995.0,8962.0,1253623.0,1252863.0,SHFE.rb2201,60
1.62933594e+18,48994.0,4995.0,5000.0,4992.0,4993.0,14928.0,1252863.0,1252015.0,SHFE.rb2201,60
1.629336e+18,48995.0,4993.0,4997.0,4988.0,4997.0,7012.0,1252015.0,1251766.0,SHFE.rb2201,60
1.62933606e+18,48996.0,4997.0,5001.0,4994.0,5000.0,8895.0,1251766.0,1251537.0,SHFE.rb2201,60
1.62933612e+18,48997.0,5000.0,5000.0,4992.0,4993.0,6207.0,1251537.0,1251121.0,SHFE.rb2201,60
1.62933618e+18,48998.0,4993.0,4996.0,4990.0,4995.0,5313.0,1251121.0,1250680.0,SHFE.rb2201,60
1.62933624e+18,48999.0,4995.0,4999.0,4993.0,4997.0,4893.0,1250680.0,1250924.0,SHFE.rb2201,60
1.6293363e+18,49000.0,4997.0,5003.0,4993.0,4994.0,9884.0,1250924.0,1250986.0,SHFE.rb2201,60
1.62933636e+18,49001.0,4994.0,4994.0,4986.0,4987.0,9096.0,1250986.0,1250364.0,SHFE.rb2201,60
1.62933642e+18,49002.0,4987.0,4990.0,4985.0,4987.0,4990.0,1250364.0,1249889.0,SHFE.rb2201,60
1.62933648e+18,49003.0,4987.0,4997.0,4986.0,4995.0,4465.0,1249889.0,1250252.0,SHFE.rb2201,60
1.62933654e+18,49004.0,4995.0,4997.0,4992.0,4997.0,4514.0,1250252.0,1250545.0,SHFE.rb2201,60
1.6293366e+18,49005.0,4997.0,4998.0,4995.0,4996.0,3081.0,1250545.0,1250530.0,SHFE.rb2201,60
1.62933666e+18,49006.0,4996.0,5001.0,4996.0,4997.0,6989.0,1250530.0,1251582.0,SHFE.rb2201,60
1.62933672e+18,49007.0,4997.0,4997.0,4992.0,4994.0,3769.0,1251582.0,1251361.0,SHFE.rb2201,60
1.62933678e+18,49008.0,4994.0,4995.0,4989.0,4991.0,3501.0,1251361.0,1251193.0,SHFE.rb2201,60
1.62933684e+18,49009.0,4991.0,4994.0,4990.0,4992.0,2510.0,1251193.0,1251490.0,SHFE.rb2201,60
1.6293369e+18,49010.0,4992.0,4994.0,4987.0,4989.0,5312.0,1251490.0,1251319.0,SHFE.rb2201,60
1.62933696e+18,49011.0,4989.0,4990.0,4987.0,4988.0,2727.0,1251319.0,1251372.0,SHFE.rb2201,60
1.62933702e+18,49012.0,4988.0,4994.0,4986.0,4993.0,3393.0,1251372.0,1251803.0,SHFE.rb2201,60
1.62933708e+18,49013.0,4993.0,4999.0,4992.0,4996.0,5909.0,1251803.0,1251866.0,SHFE.rb2201,60
1.62933714e+18,49014.0,4996.0,4999.0,4995.0,4996.0,4718.0,1251866.0,1252818.0,SHFE.rb2201,60
1.6293372e+18,49015.0,4996.0,5002.0,4996.0,4999.0,8839.0,1252818.0,1253972.0,SHFE.rb2201,60
1.62933726e+18,49016.0,4999.0,5003.0,4996.0,5002.0,5783.0,1253972.0,1254146.0,SHFE.rb2201,60
1.62933732e+18,49017.0,5002.0,5004.0,4997.0,5004.0,6619.0,1254146.0,1254539.0,SHFE.rb2201,60
1.62933738e+18,49018.0,5004.0,5007.0,5000.0,5001.0,8694.0,1254539.0,1253979.0,SHFE.rb2201,60
1.62933744e+18,49019.0,5001.0,5004.0,4999.0,5000.0,5557.0,1253979.0,1253966.0,SHFE.rb2201,60
1.6293375e+18,49020.0,5000.0,5004.0,4996.0,5002.0,4519.0,1253966.0,1253933.0,SHFE.rb2201,60
1.62933756e+18,49021.0,5002.0,5004.0,5000.0,5003.0,2622.0,1253933.0,1254417.0,SHFE.rb2201,60
1.62933762e+18,49022.0,5003.0,5013.0,5003.0,5011.0,13706.0,1254417.0,1251388.0,SHFE.rb2201,60
1.62933768e+18,49023.0,5011.0,5012.0,5003.0,5006.0,8465.0,1251388.0,1251375.0,SHFE.rb2201,60
1.62933774e+18,49024.0,5006.0,5019.0,5005.0,5015.0,12206.0,1251375.0,1250318.0,SHFE.rb2201,60
1.6293378e+18,49025.0,5015.0,5021.0,5015.0,5018.0,15580.0,1250318.0,1250162.0,SHFE.rb2201,60
1.62933786e+18,49026.0,5018.0,5019.0,5014.0,5019.0,8955.0,1250162.0,1250821.0,SHFE.rb2201,60
1.62933792e+18,49027.0,5019.0,5026.0,5016.0,5025.0,9856.0,1250821.0,1250471.0,SHFE.rb2201,60
1.62933798e+18,49028.0,5025.0,5033.0,5023.0,5031.0,17575.0,1250471.0,1248547.0,SHFE.rb2201,60
1.62933804e+18,49029.0,5031.0,5037.0,5030.0,5034.0,13872.0,1248547.0,1249304.0,SHFE.rb2201,60
1.6293381e+18,49030.0,5034.0,5035.0,5026.0,5032.0,11568.0,1249304.0,1247828.0,SHFE.rb2201,60
1.62933816e+18,49031.0,5032.0,5035.0,5028.0,5031.0,6551.0,1247828.0,1247711.0,SHFE.rb2201,60
1.62933822e+18,49032.0,5031.0,5035.0,5031.0,5031.0,5491.0,1247711.0,1247828.0,SHFE.rb2201,60
1.62933828e+18,49033.0,5031.0,5032.0,5024.0,5025.0,7054.0,1247828.0,1247641.0,SHFE.rb2201,60
1.62933834e+18,49034.0,5025.0,5026.0,5021.0,5026.0,10386.0,1247641.0,1246853.0,SHFE.rb2201,60
1.6293384e+18,49035.0,5026.0,5027.0,5018.0,5021.0,10300.0,1246853.0,1246276.0,SHFE.rb2201,60
1.62933846e+18,49036.0,5021.0,5027.0,5021.0,5024.0,4958.0,1246276.0,1246667.0,SHFE.rb2201,60
1.62933852e+18,49037.0,5024.0,5025.0,5016.0,5016.0,6949.0,1246667.0,1247373.0,SHFE.rb2201,60
1.62933858e+18,49038.0,5016.0,5026.0,5016.0,5024.0,6385.0,1247373.0,1248116.0,SHFE.rb2201,60
1.62933864e+18,49039.0,5024.0,5025.0,5021.0,5021.0,3304.0,1248116.0,1247833.0,SHFE.rb2201,60
1.6293387e+18,49040.0,5021.0,5025.0,5019.0,5022.0,5185.0,1247833.0,1247766.0,SHFE.rb2201,60
1.62933876e+18,49041.0,5022.0,5022.0,5009.0,5012.0,10339.0,1247766.0,1246804.0,SHFE.rb2201,60
1.62933882e+18,49042.0,5012.0,5014.0,5008.0,5011.0,8181.0,1246804.0,1247293.0,SHFE.rb2201,60
1.62933888e+18,49043.0,5011.0,5017.0,5008.0,5008.0,5415.0,1247293.0,1247257.0,SHFE.rb2201,60
1.62933894e+18,49044.0,5008.0,5009.0,4990.0,4997.0,18109.0,1247257.0,1244878.0,SHFE.rb2201,60
1.629339e+18,49045.0,4997.0,4998.0,4984.0,4985.0,15950.0,1244878.0,1246234.0,SHFE.rb2201,60
1.62933906e+18,49046.0,4985.0,4985.0,4968.0,4973.0,27843.0,1246234.0,1249650.0,SHFE.rb2201,60
1.62933912e+18,49047.0,4973.0,4984.0,4973.0,4977.0,16548.0,1249650.0,1250224.0,SHFE.rb2201,60
1.62933918e+18,49048.0,4977.0,4978.0,4967.0,4977.0,16461.0,1250224.0,1252004.0,SHFE.rb2201,60
1.62933924e+18,49049.0,4977.0,4986.0,4977.0,4984.0,10657.0,1252004.0,1251526.0,SHFE.rb2201,60
1.6293402e+18,49050.0,4982.0,4996.0,4975.0,4993.0,16444.0,1251526.0,1249877.0,SHFE.rb2201,60
1.62934026e+18,49051.0,4993.0,4995.0,4985.0,4987.0,8511.0,1249877.0,1249787.0,SHFE.rb2201,60
1.62934032e+18,49052.0,4987.0,4992.0,4982.0,4990.0,6075.0,1249787.0,1249874.0,SHFE.rb2201,60
1.62934038e+18,49053.0,4990.0,4997.0,4988.0,4994.0,5531.0,1249874.0,1249212.0,SHFE.rb2201,60
1.62934044e+18,49054.0,4994.0,4995.0,4989.0,4990.0,2828.0,1249212.0,1249148.0,SHFE.rb2201,60
1.6293405e+18,49055.0,4990.0,4996.0,4990.0,4995.0,4366.0,1249148.0,1248967.0,SHFE.rb2201,60
1.62934056e+18,49056.0,4995.0,5002.0,4994.0,5001.0,6942.0,1248967.0,1249017.0,SHFE.rb2201,60
1.62934062e+18,49057.0,5001.0,5002.0,4996.0,4996.0,5424.0,1249017.0,1248898.0,SHFE.rb2201,60
1.62934068e+18,49058.0,4996.0,4997.0,4986.0,4988.0,5917.0,1248898.0,1248886.0,SHFE.rb2201,60
1.62934074e+18,49059.0,4988.0,4993.0,4988.0,4989.0,4287.0,1248886.0,1248884.0,SHFE.rb2201,60
1.6293408e+18,49060.0,4989.0,4993.0,4984.0,4993.0,3823.0,1248884.0,1249553.0,SHFE.rb2201,60
1.62934086e+18,49061.0,4993.0,5000.0,4991.0,4998.0,5482.0,1249553.0,1249483.0,SHFE.rb2201,60
1.62934092e+18,49062.0,4998.0,5000.0,4996.0,4998.0,2405.0,1249483.0,1249664.0,SHFE.rb2201,60
1.62934098e+18,49063.0,4998.0,4999.0,4988.0,4989.0,4122.0,1249664.0,1249851.0,SHFE.rb2201,60
1.62934104e+18,49064.0,4989.0,4991.0,4986.0,4989.0,3445.0,1249851.0,1249818.0,SHFE.rb2201,60
1.6293411e+18,49065.0,4989.0,4995.0,4987.0,4988.0,4112.0,1249818.0,1250595.0,SHFE.rb2201,60
1.62934116e+18,49066.0,4988.0,4993.0,4986.0,4989.0,2337.0,1250595.0,1251018.0,SHFE.rb2201,60
1.62934122e+18,49067.0,4989.0,4997.0,4988.0,4994.0,1714.0,1251018.0,1251257.0,SHFE.rb2201,60
1.62934128e+18,49068.0,4994.0,4994.0,4990.0,4992.0,1156.0,1251257.0,1251276.0,SHFE.rb2201,60
1.62934134e+18,49069.0,4992.0,4993.0,4987.0,4988.0,2404.0,1251276.0,1251456.0,SHFE.rb2201,60
1.6293414e+18,49070.0,4988.0,4995.0,4988.0,4991.0,2501.0,1251456.0,1251460.0,SHFE.rb2201,60
1.62934146e+18,49071.0,4991.0,4997.0,4991.0,4995.0,2448.0,1251460.0,1251501.0,SHFE.rb2201,60
1.62934152e+18,49072.0,4995.0,4997.0,4992.0,4996.0,2169.0,1251501.0,1251468.0,SHFE.rb2201,60
1.62934158e+18,49073.0,4996.0,5000.0,4994.0,4998.0,3200.0,1251468.0,1251331.0,SHFE.rb2201,60
1.62934164e+18,49074.0,4998.0,4998.0,4996.0,4998.0,1153.0,1251331.0,1251133.0,SHFE.rb2201,60
1.6293417e+18,49075.0,4998.0,5014.0,4997.0,5008.0,12956.0,1251133.0,1249600.0,SHFE.rb2201,60
1.62934176e+18,49076.0,5008.0,5010.0,5004.0,5009.0,5281.0,1249600.0,1250252.0,SHFE.rb2201,60
1.62934182e+18,49077.0,5009.0,5018.0,5009.0,5014.0,7826.0,1250252.0,1250346.0,SHFE.rb2201,60
1.62934188e+18,49078.0,5014.0,5031.0,5014.0,5024.0,14365.0,1250346.0,1247663.0,SHFE.rb2201,60
1.62934194e+18,49079.0,5024.0,5028.0,5017.0,5025.0,9732.0,1247663.0,1247138.0,SHFE.rb2201,60
1.629342e+18,49080.0,5025.0,5025.0,5007.0,5009.0,10893.0,1247138.0,1247826.0,SHFE.rb2201,60
1.62934206e+18,49081.0,5009.0,5018.0,5009.0,5016.0,5874.0,1247826.0,1247782.0,SHFE.rb2201,60
1.62934212e+18,49082.0,5016.0,5028.0,5015.0,5026.0,9078.0,1247782.0,1247956.0,SHFE.rb2201,60
1.62934218e+18,49083.0,5026.0,5026.0,5018.0,5019.0,5334.0,1247956.0,1248459.0,SHFE.rb2201,60
1.62934224e+18,49084.0,5019.0,5021.0,5010.0,5014.0,6734.0,1248459.0,1247395.0,SHFE.rb2201,60
1.6293423e+18,49085.0,5014.0,5018.0,5009.0,5012.0,6009.0,1247395.0,1246914.0,SHFE.rb2201,60
1.62934236e+18,49086.0,5012.0,5018.0,5009.0,5010.0,5665.0,1246914.0,1247050.0,SHFE.rb2201,60
1.62934242e+18,49087.0,5010.0,5013.0,5000.0,5000.0,9269.0,1247050.0,1246238.0,SHFE.rb2201,60
1.62934248e+18,49088.0,5000.0,5005.0,4992.0,4999.0,11625.0,1246238.0,1247031.0,SHFE.rb2201,60
1.62934254e+18,49089.0,4999.0,5002.0,4993.0,4999.0,8829.0,1247031.0,1248343.0,SHFE.rb2201,60
1.6293426e+18,49090.0,4999.0,5003.0,4998.0,5002.0,4728.0,1248343.0,1248930.0,SHFE.rb2201,60
1.62934266e+18,49091.0,5002.0,5008.0,5002.0,5008.0,4195.0,1248930.0,1248462.0,SHFE.rb2201,60
1.62934272e+18,49092.0,5008.0,5008.0,4998.0,5002.0,5002.0,1248462.0,1249435.0,SHFE.rb2201,60
1.62934278e+18,49093.0,5002.0,5007.0,4997.0,4999.0,4641.0,1249435.0,1250392.0,SHFE.rb2201,60
1.62934284e+18,49094.0,4999.0,5003.0,4999.0,5002.0,3834.0,1250392.0,1250235.0,SHFE.rb2201,60
1.6293429e+18,49095.0,5002.0,5011.0,5002.0,5004.0,6086.0,1250235.0,1249868.0,SHFE.rb2201,60
1.62934296e+18,49096.0,5004.0,5004.0,4994.0,4996.0,6816.0,1249868.0,1250266.0,SHFE.rb2201,60
1.62934302e+18,49097.0,4996.0,4996.0,4991.0,4994.0,5045.0,1250266.0,1250679.0,SHFE.rb2201,60
1.62934308e+18,49098.0,4994.0,5000.0,4992.0,4996.0,5382.0,1250679.0,1251531.0,SHFE.rb2201,60
1.62934314e+18,49099.0,4996.0,5006.0,4996.0,5006.0,4161.0,1251531.0,1251436.0,SHFE.rb2201,60
1.6293432e+18,49100.0,5006.0,5006.0,4998.0,4999.0,2942.0,1251436.0,1251717.0,SHFE.rb2201,60
1.62934326e+18,49101.0,4999.0,5013.0,4999.0,5009.0,5082.0,1251717.0,1251431.0,SHFE.rb2201,60
1.62934332e+18,49102.0,5009.0,5014.0,5005.0,5007.0,5837.0,1251431.0,1250728.0,SHFE.rb2201,60
1.62934338e+18,49103.0,5007.0,5008.0,5000.0,5002.0,3570.0,1250728.0,1250903.0,SHFE.rb2201,60
1.62934344e+18,49104.0,5002.0,5005.0,5000.0,5004.0,1330.0,1250903.0,1250889.0,SHFE.rb2201,60
1.6293435e+18,49105.0,5004.0,5006.0,4998.0,5002.0,3790.0,1250889.0,1250876.0,SHFE.rb2201,60
1.62934356e+18,49106.0,5002.0,5011.0,4999.0,5010.0,3441.0,1250876.0,1250883.0,SHFE.rb2201,60
1.62934362e+18,49107.0,5010.0,5012.0,5001.0,5003.0,3504.0,1250883.0,1250478.0,SHFE.rb2201,60
1.62934368e+18,49108.0,5003.0,5011.0,5003.0,5008.0,3515.0,1250478.0,1250278.0,SHFE.rb2201,60
1.62934374e+18,49109.0,5008.0,5021.0,5008.0,5017.0,11576.0,1250278.0,1249043.0,SHFE.rb2201,60
1.629351e+18,49110.0,5028.0,5056.0,5028.0,5049.0,49373.0,1249043.0,1245655.0,SHFE.rb2201,60
1.62935106e+18,49111.0,5049.0,5055.0,5044.0,5054.0,19706.0,1245655.0,1245394.0,SHFE.rb2201,60
1.62935112e+18,49112.0,5054.0,5057.0,5050.0,5050.0,14576.0,1245394.0,1245960.0,SHFE.rb2201,60
1.62935118e+18,49113.0,5050.0,5052.0,5047.0,5051.0,10757.0,1245960.0,1246855.0,SHFE.rb2201,60
1.62935124e+18,49114.0,5051.0,5059.0,5051.0,5056.0,11886.0,1246855.0,1247664.0,SHFE.rb2201,60
1.6293513e+18,49115.0,5056.0,5068.0,5056.0,5062.0,22427.0,1247664.0,1247105.0,SHFE.rb2201,60
1.62935136e+18,49116.0,5062.0,5071.0,5062.0,5070.0,14492.0,1247105.0,1248486.0,SHFE.rb2201,60
1.62935142e+18,49117.0,5070.0,5070.0,5057.0,5057.0,12450.0,1248486.0,1248788.0,SHFE.rb2201,60
1.62935148e+18,49118.0,5057.0,5059.0,5047.0,5047.0,14079.0,1248788.0,1248369.0,SHFE.rb2201,60
1.62935154e+18,49119.0,5047.0,5058.0,5047.0,5056.0,9458.0,1248369.0,1247002.0,SHFE.rb2201,60
1.6293516e+18,49120.0,5056.0,5057.0,5047.0,5049.0,9673.0,1247002.0,1246869.0,SHFE.rb2201,60
1.62935166e+18,49121.0,5049.0,5056.0,5049.0,5052.0,6245.0,1246869.0,1246825.0,SHFE.rb2201,60
1.62935172e+18,49122.0,5052.0,5064.0,5052.0,5063.0,8222.0,1246825.0,1247288.0,SHFE.rb2201,60
1.62935178e+18,49123.0,5063.0,5066.0,5057.0,5058.0,6494.0,1247288.0,1247945.0,SHFE.rb2201,60
1.62935184e+18,49124.0,5058.0,5059.0,5048.0,5048.0,8950.0,1247945.0,1247619.0,SHFE.rb2201,60
1.6293519e+18,49125.0,5048.0,5051.0,5037.0,5043.0,15671.0,1247619.0,1248432.0,SHFE.rb2201,60
1.62935196e+18,49126.0,5043.0,5046.0,5037.0,5041.0,9015.0,1248432.0,1248029.0,SHFE.rb2201,60
1.62935202e+18,49127.0,5041.0,5048.0,5040.0,5048.0,6793.0,1248029.0,1247457.0,SHFE.rb2201,60
1.62935208e+18,49128.0,5048.0,5057.0,5048.0,5055.0,7163.0,1247457.0,1247444.0,SHFE.rb2201,60
1.62935214e+18,49129.0,5055.0,5057.0,5053.0,5056.0,3887.0,1247444.0,1247726.0,SHFE.rb2201,60
1.6293522e+18,49130.0,5056.0,5056.0,5047.0,5048.0,5155.0,1247726.0,1247384.0,SHFE.rb2201,60
1.62935226e+18,49131.0,5048.0,5055.0,5045.0,5054.0,4683.0,1247384.0,1246959.0,SHFE.rb2201,60
1.62935232e+18,49132.0,5054.0,5056.0,5051.0,5053.0,3389.0,1246959.0,1247021.0,SHFE.rb2201,60
1.62935238e+18,49133.0,5053.0,5056.0,5048.0,5049.0,5061.0,1247021.0,1246886.0,SHFE.rb2201,60
1.62935244e+18,49134.0,5049.0,5053.0,5049.0,5051.0,3711.0,1246886.0,1246356.0,SHFE.rb2201,60
1.6293525e+18,49135.0,5051.0,5052.0,5042.0,5045.0,6853.0,1246356.0,1246819.0,SHFE.rb2201,60
1.62935256e+18,49136.0,5045.0,5049.0,5043.0,5044.0,3745.0,1246819.0,1247070.0,SHFE.rb2201,60
1.62935262e+18,49137.0,5044.0,5048.0,5042.0,5047.0,4039.0,1247070.0,1248211.0,SHFE.rb2201,60
1.62935268e+18,49138.0,5047.0,5054.0,5047.0,5053.0,5232.0,1248211.0,1248853.0,SHFE.rb2201,60
1.62935274e+18,49139.0,5053.0,5059.0,5053.0,5056.0,6357.0,1248853.0,1248653.0,SHFE.rb2201,60
1.6293528e+18,49140.0,5056.0,5059.0,5054.0,5058.0,7419.0,1248653.0,1249258.0,SHFE.rb2201,60
1.62935286e+18,49141.0,5058.0,5060.0,5054.0,5054.0,5432.0,1249258.0,1248797.0,SHFE.rb2201,60
1.62935292e+18,49142.0,5054.0,5058.0,5053.0,5054.0,2988.0,1248797.0,1248628.0,SHFE.rb2201,60
1.62935298e+18,49143.0,5054.0,5056.0,5051.0,5053.0,2427.0,1248628.0,1248783.0,SHFE.rb2201,60
1.62935304e+18,49144.0,5053.0,5054.0,5045.0,5045.0,5276.0,1248783.0,1248828.0,SHFE.rb2201,60
1.6293531e+18,49145.0,5045.0,5049.0,5042.0,5044.0,6854.0,1248828.0,1248306.0,SHFE.rb2201,60
1.62935316e+18,49146.0,5044.0,5050.0,5043.0,5050.0,4193.0,1248306.0,1247861.0,SHFE.rb2201,60
1.62935322e+18,49147.0,5050.0,5053.0,5045.0,5046.0,3097.0,1247861.0,1247889.0,SHFE.rb2201,60
1.62935328e+18,49148.0,5046.0,5048.0,5043.0,5043.0,3947.0,1247889.0,1248104.0,SHFE.rb2201,60
1.62935334e+18,49149.0,5043.0,5045.0,5038.0,5042.0,9992.0,1248104.0,1248990.0,SHFE.rb2201,60
1.6293534e+18,49150.0,5042.0,5043.0,5032.0,5034.0,10417.0,1248990.0,1249147.0,SHFE.rb2201,60
1.62935346e+18,49151.0,5034.0,5039.0,5034.0,5037.0,7566.0,1249147.0,1249887.0,SHFE.rb2201,60
1.62935352e+18,49152.0,5037.0,5044.0,5036.0,5040.0,4594.0,1249887.0,1250155.0,SHFE.rb2201,60
1.62935358e+18,49153.0,5040.0,5044.0,5035.0,5042.0,4428.0,1250155.0,1250250.0,SHFE.rb2201,60
1.62935364e+18,49154.0,5042.0,5043.0,5038.0,5042.0,3538.0,1250250.0,1249971.0,SHFE.rb2201,60
1.6293537e+18,49155.0,5042.0,5043.0,5039.0,5041.0,2986.0,1249971.0,1250172.0,SHFE.rb2201,60
1.62935376e+18,49156.0,5041.0,5046.0,5040.0,5044.0,3208.0,1250172.0,1249928.0,SHFE.rb2201,60
1.62935382e+18,49157.0,5044.0,5046.0,5039.0,5039.0,2627.0,1249928.0,1249601.0,SHFE.rb2201,60
1.62935388e+18,49158.0,5039.0,5039.0,5029.0,5032.0,10403.0,1249601.0,1249615.0,SHFE.rb2201,60
1.62935394e+18,49159.0,5032.0,5036.0,5030.0,5035.0,4318.0,1249615.0,1250069.0,SHFE.rb2201,60
1.629354e+18,49160.0,5035.0,5037.0,5033.0,5034.0,2830.0,1250069.0,1250624.0,SHFE.rb2201,60
1.62935406e+18,49161.0,5034.0,5036.0,5020.0,5025.0,13997.0,1250624.0,1250079.0,SHFE.rb2201,60
1.62935412e+18,49162.0,5025.0,5029.0,5021.0,5024.0,8092.0,1250079.0,1249983.0,SHFE.rb2201,60
1.62935418e+18,49163.0,5024.0,5024.0,5018.0,5020.0,9818.0,1249983.0,1251650.0,SHFE.rb2201,60
1.62935424e+18,49164.0,5020.0,5026.0,5020.0,5025.0,5927.0,1251650.0,1252867.0,SHFE.rb2201,60
1.6293543e+18,49165.0,5025.0,5034.0,5025.0,5031.0,6097.0,1252867.0,1252427.0,SHFE.rb2201,60
1.62935436e+18,49166.0,5031.0,5031.0,5023.0,5023.0,4483.0,1252427.0,1252805.0,SHFE.rb2201,60
1.62935442e+18,49167.0,5023.0,5026.0,5022.0,5024.0,4878.0,1252805.0,1254391.0,SHFE.rb2201,60
1.62935448e+18,49168.0,5024.0,5025.0,5018.0,5021.0,6112.0,1254391.0,1254593.0,SHFE.rb2201,60
1.62935454e+18,49169.0,5021.0,5021.0,5011.0,5016.0,15864.0,1254593.0,1256301.0,SHFE.rb2201,60
1.6293546e+18,49170.0,5016.0,5016.0,5007.0,5010.0,12853.0,1256301.0,1257649.0,SHFE.rb2201,60
1.62935466e+18,49171.0,5010.0,5013.0,5005.0,5008.0,12828.0,1257649.0,1260652.0,SHFE.rb2201,60
1.62935472e+18,49172.0,5008.0,5012.0,5006.0,5007.0,7326.0,1260652.0,1261974.0,SHFE.rb2201,60
1.62935478e+18,49173.0,5007.0,5022.0,5007.0,5022.0,9609.0,1261974.0,1262947.0,SHFE.rb2201,60
1.62935484e+18,49174.0,5022.0,5026.0,5018.0,5019.0,8462.0,1262947.0,1261424.0,SHFE.rb2201,60
1.6293549e+18,49175.0,5019.0,5026.0,5018.0,5024.0,6333.0,1261424.0,1260650.0,SHFE.rb2201,60
1.62935496e+18,49176.0,5024.0,5025.0,5019.0,5020.0,4513.0,1260650.0,1261078.0,SHFE.rb2201,60
1.62935502e+18,49177.0,5020.0,5027.0,5020.0,5023.0,4146.0,1261078.0,1261085.0,SHFE.rb2201,60
1.62935508e+18,49178.0,5023.0,5023.0,5020.0,5021.0,3340.0,1261085.0,1261106.0,SHFE.rb2201,60
1.62935514e+18,49179.0,5021.0,5023.0,5014.0,5014.0,5274.0,1261106.0,1261352.0,SHFE.rb2201,60
1.6293552e+18,49180.0,5014.0,5014.0,5009.0,5013.0,7282.0,1261352.0,1260866.0,SHFE.rb2201,60
1.62935526e+18,49181.0,5013.0,5018.0,5012.0,5017.0,3234.0,1260866.0,1260402.0,SHFE.rb2201,60
1.62935532e+18,49182.0,5017.0,5018.0,5013.0,5015.0,2147.0,1260402.0,1260448.0,SHFE.rb2201,60
1.62935538e+18,49183.0,5015.0,5021.0,5013.0,5020.0,3716.0,1260448.0,1260054.0,SHFE.rb2201,60
1.62935544e+18,49184.0,5020.0,5027.0,5019.0,5024.0,5415.0,1260054.0,1260040.0,SHFE.rb2201,60
1.6293555e+18,49185.0,5024.0,5026.0,5015.0,5017.0,3629.0,1260040.0,1259712.0,SHFE.rb2201,60
1.62935556e+18,49186.0,5017.0,5018.0,5010.0,5010.0,7125.0,1259712.0,1259874.0,SHFE.rb2201,60
1.62935562e+18,49187.0,5010.0,5016.0,5008.0,5012.0,8738.0,1259874.0,1260257.0,SHFE.rb2201,60
1.62935568e+18,49188.0,5012.0,5016.0,5009.0,5010.0,3859.0,1260257.0,1260412.0,SHFE.rb2201,60
1.62935574e+18,49189.0,5010.0,5014.0,5008.0,5012.0,3627.0,1260412.0,1260166.0,SHFE.rb2201,60
1.6293558e+18,49190.0,5012.0,5014.0,5007.0,5008.0,4279.0,1260166.0,1259892.0,SHFE.rb2201,60
1.62935586e+18,49191.0,5008.0,5013.0,5008.0,5012.0,4878.0,1259892.0,1259373.0,SHFE.rb2201,60
1.62935592e+18,49192.0,5012.0,5019.0,5010.0,5018.0,4883.0,1259373.0,1259188.0,SHFE.rb2201,60
1.62935598e+18,49193.0,5018.0,5022.0,5018.0,5021.0,5244.0,1259188.0,1258885.0,SHFE.rb2201,60
1.62935604e+18,49194.0,5021.0,5021.0,5012.0,5016.0,4940.0,1258885.0,1259002.0,SHFE.rb2201,60
1.6293561e+18,49195.0,5016.0,5024.0,5015.0,5022.0,5592.0,1259002.0,1258112.0,SHFE.rb2201,60
1.62935616e+18,49196.0,5022.0,5025.0,5019.0,5019.0,6370.0,1258112.0,1257067.0,SHFE.rb2201,60
1.62935622e+18,49197.0,5019.0,5022.0,5015.0,5016.0,5872.0,1257067.0,1255982.0,SHFE.rb2201,60
1.62935628e+18,49198.0,5016.0,5017.0,5010.0,5015.0,9493.0,1255982.0,1255556.0,SHFE.rb2201,60
1.62935634e+18,49199.0,5015.0,5020.0,5015.0,5017.0,10634.0,1255556.0,1252525.0,SHFE.rb2201,60
1.629378e+18,49200.0,4950.0,4965.0,4930.0,4935.0,59952.0,1252525.0,1251899.0,SHFE.rb2201,60
1.62937806e+18,49201.0,4935.0,4935.0,4890.0,4890.0,49617.0,1251899.0,1254699.0,SHFE.rb2201,60
1.62937812e+18,49202.0,4890.0,4919.0,4890.0,4919.0,33534.0,1254699.0,1254906.0,SHFE.rb2201,60
1.62937818e+18,49203.0,4919.0,4932.0,4914.0,4932.0,22076.0,1254906.0,1252377.0,SHFE.rb2201,60
1.62937824e+18,49204.0,4932.0,4958.0,4932.0,4950.0,35721.0,1252377.0,1252076.0,SHFE.rb2201,60
1.6293783e+18,49205.0,4950.0,4954.0,4945.0,4948.0,21114.0,1252076.0,1253407.0,SHFE.rb2201,60
1.62937836e+18,49206.0,4948.0,4948.0,4930.0,4937.0,18108.0,1253407.0,1255287.0,SHFE.rb2201,60
1.62937842e+18,49207.0,4937.0,4950.0,4937.0,4950.0,12319.0,1255287.0,1254661.0,SHFE.rb2201,60
1.62937848e+18,49208.0,4950.0,4964.0,4949.0,4960.0,22745.0,1254661.0,1256212.0,SHFE.rb2201,60
1.62937854e+18,49209.0,4960.0,4962.0,4951.0,4962.0,12220.0,1256212.0,1258244.0,SHFE.rb2201,60
1.6293786e+18,49210.0,4962.0,4973.0,4959.0,4970.0,20309.0,1258244.0,1257445.0,SHFE.rb2201,60
1.62937866e+18,49211.0,4970.0,4977.0,4967.0,4975.0,17677.0,1257445.0,1255516.0,SHFE.rb2201,60
1.62937872e+18,49212.0,4975.0,4978.0,4968.0,4969.0,13555.0,1255516.0,1255827.0,SHFE.rb2201,60
1.62937878e+18,49213.0,4969.0,4975.0,4968.0,4971.0,9723.0,1255827.0,1257357.0,SHFE.rb2201,60
1.62937884e+18,49214.0,4971.0,4986.0,4971.0,4983.0,16981.0,1257357.0,1256980.0,SHFE.rb2201,60
1.6293789e+18,49215.0,4983.0,4995.0,4983.0,4986.0,15868.0,1256980.0,1258361.0,SHFE.rb2201,60
1.62937896e+18,49216.0,4986.0,4989.0,4980.0,4988.0,12189.0,1258361.0,1257985.0,SHFE.rb2201,60
1.62937902e+18,49217.0,4988.0,4988.0,4975.0,4983.0,11563.0,1257985.0,1260223.0,SHFE.rb2201,60
1.62937908e+18,49218.0,4983.0,4983.0,4974.0,4974.0,9634.0,1260223.0,1261141.0,SHFE.rb2201,60
1.62937914e+18,49219.0,4974.0,4981.0,4973.0,4978.0,8394.0,1261141.0,1260212.0,SHFE.rb2201,60
1.6293792e+18,49220.0,4978.0,4978.0,4970.0,4971.0,8472.0,1260212.0,1260620.0,SHFE.rb2201,60
1.62937926e+18,49221.0,4971.0,4983.0,4970.0,4980.0,7596.0,1260620.0,1260219.0,SHFE.rb2201,60
1.62937932e+18,49222.0,4980.0,4981.0,4970.0,4972.0,6121.0,1260219.0,1259657.0,SHFE.rb2201,60
1.62937938e+18,49223.0,4972.0,4975.0,4963.0,4965.0,8512.0,1259657.0,1260389.0,SHFE.rb2201,60
1.62937944e+18,49224.0,4965.0,4966.0,4959.0,4961.0,10580.0,1260389.0,1261080.0,SHFE.rb2201,60
1.6293795e+18,49225.0,4961.0,4964.0,4955.0,4957.0,13027.0,1261080.0,1261207.0,SHFE.rb2201,60
1.62937956e+18,49226.0,4957.0,4962.0,4957.0,4959.0,6488.0,1261207.0,1261063.0,SHFE.rb2201,60
1.62937962e+18,49227.0,4959.0,4967.0,4959.0,4964.0,5856.0,1261063.0,1261028.0,SHFE.rb2201,60
1.62937968e+18,49228.0,4964.0,4971.0,4962.0,4969.0,5548.0,1261028.0,1260946.0,SHFE.rb2201,60
1.62937974e+18,49229.0,4969.0,4977.0,4968.0,4974.0,8590.0,1260946.0,1261274.0,SHFE.rb2201,60
1.6293798e+18,49230.0,4974.0,4975.0,4965.0,4969.0,5787.0,1261274.0,1262311.0,SHFE.rb2201,60
1.62937986e+18,49231.0,4969.0,4971.0,4965.0,4969.0,3751.0,1262311.0,1262894.0,SHFE.rb2201,60
1.62937992e+18,49232.0,4969.0,4969.0,4964.0,4965.0,4122.0,1262894.0,1263404.0,SHFE.rb2201,60
1.62937998e+18,49233.0,4965.0,4973.0,4961.0,4972.0,6022.0,1263404.0,1263322.0,SHFE.rb2201,60
1.62938004e+18,49234.0,4972.0,4983.0,4971.0,4982.0,9652.0,1263322.0,1263628.0,SHFE.rb2201,60
1.6293801e+18,49235.0,4982.0,4987.0,4976.0,4984.0,10066.0,1263628.0,1264941.0,SHFE.rb2201,60
1.62938016e+18,49236.0,4984.0,4986.0,4977.0,4981.0,4919.0,1264941.0,1265689.0,SHFE.rb2201,60
1.62938022e+18,49237.0,4981.0,4990.0,4980.0,4987.0,7929.0,1265689.0,1266667.0,SHFE.rb2201,60
1.62938028e+18,49238.0,4987.0,4987.0,4980.0,4980.0,4073.0,1266667.0,1267620.0,SHFE.rb2201,60
1.62938034e+18,49239.0,4980.0,4991.0,4980.0,4986.0,5306.0,1267620.0,1268198.0,SHFE.rb2201,60
1.6293804e+18,49240.0,4986.0,4991.0,4984.0,4991.0,5560.0,1268198.0,1268582.0,SHFE.rb2201,60
1.62938046e+18,49241.0,4991.0,4991.0,4983.0,4985.0,4320.0,1268582.0,1268366.0,SHFE.rb2201,60
1.62938052e+18,49242.0,4985.0,5000.0,4985.0,4999.0,14375.0,1268366.0,1267600.0,SHFE.rb2201,60
1.62938058e+18,49243.0,4999.0,5005.0,4995.0,4996.0,15072.0,1267600.0,1268450.0,SHFE.rb2201,60
1.62938064e+18,49244.0,4996.0,5000.0,4987.0,4993.0,9828.0,1268450.0,1269219.0,SHFE.rb2201,60
1.6293807e+18,49245.0,4993.0,4998.0,4988.0,4998.0,6302.0,1269219.0,1269310.0,SHFE.rb2201,60
1.62938076e+18,49246.0,4998.0,5000.0,4995.0,4999.0,5923.0,1269310.0,1270069.0,SHFE.rb2201,60
1.62938082e+18,49247.0,4999.0,4999.0,4992.0,4992.0,4859.0,1270069.0,1269900.0,SHFE.rb2201,60
1.62938088e+18,49248.0,4992.0,4994.0,4989.0,4992.0,5608.0,1269900.0,1269871.0,SHFE.rb2201,60
1.62938094e+18,49249.0,4992.0,4992.0,4982.0,4984.0,8915.0,1269871.0,1270097.0,SHFE.rb2201,60
1.629381e+18,49250.0,4984.0,4993.0,4984.0,4992.0,4881.0,1270097.0,1270429.0,SHFE.rb2201,60
1.62938106e+18,49251.0,4992.0,4992.0,4982.0,4987.0,5006.0,1270429.0,1270930.0,SHFE.rb2201,60
1.62938112e+18,49252.0,4987.0,4989.0,4983.0,4985.0,3519.0,1270930.0,1270519.0,SHFE.rb2201,60
1.62938118e+18,49253.0,4985.0,4989.0,4984.0,4987.0,2285.0,1270519.0,1270849.0,SHFE.rb2201,60
1.62938124e+18,49254.0,4987.0,4996.0,4987.0,4990.0,5242.0,1270849.0,1270733.0,SHFE.rb2201,60
1.6293813e+18,49255.0,4990.0,4993.0,4990.0,4992.0,2532.0,1270733.0,1270476.0,SHFE.rb2201,60
1.62938136e+18,49256.0,4992.0,4998.0,4992.0,4994.0,3901.0,1270476.0,1270678.0,SHFE.rb2201,60
1.62938142e+18,49257.0,4994.0,4997.0,4992.0,4996.0,4376.0,1270678.0,1269953.0,SHFE.rb2201,60
1.62938148e+18,49258.0,4996.0,4996.0,4991.0,4993.0,2729.0,1269953.0,1269840.0,SHFE.rb2201,60
1.62938154e+18,49259.0,4993.0,4994.0,4987.0,4987.0,2582.0,1269840.0,1270263.0,SHFE.rb2201,60
1.6293816e+18,49260.0,4987.0,4992.0,4986.0,4991.0,4466.0,1270263.0,1269955.0,SHFE.rb2201,60
1.62938166e+18,49261.0,4991.0,4992.0,4985.0,4991.0,4559.0,1269955.0,1270434.0,SHFE.rb2201,60
1.62938172e+18,49262.0,4991.0,4992.0,4986.0,4989.0,5431.0,1270434.0,1271777.0,SHFE.rb2201,60
1.62938178e+18,49263.0,4989.0,4990.0,4987.0,4989.0,1407.0,1271777.0,1271405.0,SHFE.rb2201,60
1.62938184e+18,49264.0,4989.0,4996.0,4988.0,4994.0,4237.0,1271405.0,1271186.0,SHFE.rb2201,60
1.6293819e+18,49265.0,4994.0,4996.0,4989.0,4993.0,3024.0,1271186.0,1271238.0,SHFE.rb2201,60
1.62938196e+18,49266.0,4993.0,4993.0,4990.0,4991.0,1309.0,1271238.0,1271312.0,SHFE.rb2201,60
1.62938202e+18,49267.0,4991.0,4994.0,4987.0,4990.0,3585.0,1271312.0,1271027.0,SHFE.rb2201,60
1.62938208e+18,49268.0,4990.0,4991.0,4986.0,4987.0,3209.0,1271027.0,1271610.0,SHFE.rb2201,60
1.62938214e+18,49269.0,4987.0,4988.0,4976.0,4980.0,9430.0,1271610.0,1271557.0,SHFE.rb2201,60
1.6293822e+18,49270.0,4980.0,4980.0,4973.0,4977.0,10153.0,1271557.0,1272033.0,SHFE.rb2201,60
1.62938226e+18,49271.0,4977.0,4977.0,4970.0,4972.0,6871.0,1272033.0,1271665.0,SHFE.rb2201,60
1.62938232e+18,49272.0,4972.0,4983.0,4972.0,4979.0,7125.0,1271665.0,1271620.0,SHFE.rb2201,60
1.62938238e+18,49273.0,4979.0,4983.0,4979.0,4981.0,3098.0,1271620.0,1271392.0,SHFE.rb2201,60
1.62938244e+18,49274.0,4981.0,4986.0,4981.0,4985.0,2862.0,1271392.0,1271368.0,SHFE.rb2201,60
1.6293825e+18,49275.0,4985.0,4986.0,4977.0,4979.0,3820.0,1271368.0,1271616.0,SHFE.rb2201,60
1.62938256e+18,49276.0,4979.0,4981.0,4975.0,4978.0,3165.0,1271616.0,1272514.0,SHFE.rb2201,60
1.62938262e+18,49277.0,4978.0,4979.0,4975.0,4975.0,3485.0,1272514.0,1273325.0,SHFE.rb2201,60
1.62938268e+18,49278.0,4975.0,4976.0,4964.0,4966.0,12444.0,1273325.0,1274041.0,SHFE.rb2201,60
1.62938274e+18,49279.0,4966.0,4973.0,4965.0,4972.0,7234.0,1274041.0,1274396.0,SHFE.rb2201,60
1.6293828e+18,49280.0,4972.0,4976.0,4971.0,4972.0,4030.0,1274396.0,1274308.0,SHFE.rb2201,60
1.62938286e+18,49281.0,4972.0,4972.0,4967.0,4970.0,3867.0,1274308.0,1274776.0,SHFE.rb2201,60
1.62938292e+18,49282.0,4970.0,4971.0,4966.0,4971.0,3912.0,1274776.0,1274342.0,SHFE.rb2201,60
1.62938298e+18,49283.0,4971.0,4973.0,4965.0,4965.0,4129.0,1274342.0,1274406.0,SHFE.rb2201,60
1.62938304e+18,49284.0,4965.0,4971.0,4965.0,4970.0,3430.0,1274406.0,1273971.0,SHFE.rb2201,60
1.6293831e+18,49285.0,4970.0,4970.0,4966.0,4966.0,4508.0,1273971.0,1273604.0,SHFE.rb2201,60
1.62938316e+18,49286.0,4966.0,4971.0,4965.0,4970.0,3604.0,1273604.0,1273491.0,SHFE.rb2201,60
1.62938322e+18,49287.0,4970.0,4977.0,4970.0,4976.0,5671.0,1273491.0,1272361.0,SHFE.rb2201,60
1.62938328e+18,49288.0,4976.0,4981.0,4976.0,4977.0,6066.0,1272361.0,1272390.0,SHFE.rb2201,60
1.62938334e+18,49289.0,4977.0,4978.0,4973.0,4974.0,4181.0,1272390.0,1273112.0,SHFE.rb2201,60
1.6293834e+18,49290.0,4974.0,4976.0,4970.0,4970.0,2870.0,1273112.0,1273165.0,SHFE.rb2201,60
1.62938346e+18,49291.0,4970.0,4971.0,4965.0,4968.0,5102.0,1273165.0,1273275.0,SHFE.rb2201,60
1.62938352e+18,49292.0,4968.0,4970.0,4958.0,4959.0,7931.0,1273275.0,1273420.0,SHFE.rb2201,60
1.62938358e+18,49293.0,4959.0,4965.0,4959.0,4963.0,8892.0,1273420.0,1271956.0,SHFE.rb2201,60
1.62938364e+18,49294.0,4963.0,4968.0,4962.0,4963.0,3779.0,1271956.0,1271856.0,SHFE.rb2201,60
1.6293837e+18,49295.0,4963.0,4963.0,4957.0,4962.0,5665.0,1271856.0,1271781.0,SHFE.rb2201,60
1.62938376e+18,49296.0,4962.0,4962.0,4953.0,4955.0,8445.0,1271781.0,1271121.0,SHFE.rb2201,60
1.62938382e+18,49297.0,4955.0,4957.0,4949.0,4950.0,13752.0,1271121.0,1271401.0,SHFE.rb2201,60
1.62938388e+18,49298.0,4950.0,4954.0,4948.0,4951.0,10364.0,1271401.0,1274105.0,SHFE.rb2201,60
1.62938394e+18,49299.0,4951.0,4951.0,4943.0,4945.0,9494.0,1274105.0,1275162.0,SHFE.rb2201,60
1.629384e+18,49300.0,4945.0,4946.0,4937.0,4938.0,13775.0,1275162.0,1276388.0,SHFE.rb2201,60
1.62938406e+18,49301.0,4938.0,4951.0,4938.0,4951.0,13244.0,1276388.0,1276476.0,SHFE.rb2201,60
1.62938412e+18,49302.0,4951.0,4951.0,4944.0,4947.0,7537.0,1276476.0,1275656.0,SHFE.rb2201,60
1.62938418e+18,49303.0,4947.0,4948.0,4938.0,4940.0,8368.0,1275656.0,1275646.0,SHFE.rb2201,60
1.62938424e+18,49304.0,4940.0,4948.0,4940.0,4944.0,5233.0,1275646.0,1275316.0,SHFE.rb2201,60
1.6293843e+18,49305.0,4944.0,4945.0,4939.0,4944.0,6443.0,1275316.0,1275706.0,SHFE.rb2201,60
1.62938436e+18,49306.0,4944.0,4957.0,4944.0,4956.0,12053.0,1275706.0,1274968.0,SHFE.rb2201,60
1.62938442e+18,49307.0,4956.0,4959.0,4953.0,4954.0,6862.0,1274968.0,1273922.0,SHFE.rb2201,60
1.62938448e+18,49308.0,4954.0,4957.0,4945.0,4956.0,6396.0,1273922.0,1273344.0,SHFE.rb2201,60
1.62938454e+18,49309.0,4956.0,4961.0,4954.0,4956.0,6941.0,1273344.0,1272434.0,SHFE.rb2201,60
1.6293846e+18,49310.0,4956.0,4957.0,4950.0,4952.0,5641.0,1272434.0,1272248.0,SHFE.rb2201,60
1.62938466e+18,49311.0,4952.0,4953.0,4946.0,4947.0,8475.0,1272248.0,1271921.0,SHFE.rb2201,60
1.62938472e+18,49312.0,4947.0,4958.0,4946.0,4957.0,6064.0,1271921.0,1271169.0,SHFE.rb2201,60
1.62938478e+18,49313.0,4957.0,4961.0,4955.0,4960.0,6838.0,1271169.0,1269947.0,SHFE.rb2201,60
1.62938484e+18,49314.0,4960.0,4970.0,4956.0,4969.0,8268.0,1269947.0,1269307.0,SHFE.rb2201,60
1.6293849e+18,49315.0,4969.0,4982.0,4968.0,4981.0,15639.0,1269307.0,1266294.0,SHFE.rb2201,60
1.62938496e+18,49316.0,4981.0,4982.0,4977.0,4979.0,7411.0,1266294.0,1265600.0,SHFE.rb2201,60
1.62938502e+18,49317.0,4979.0,4986.0,4978.0,4983.0,7549.0,1265600.0,1264732.0,SHFE.rb2201,60
1.62938508e+18,49318.0,4983.0,4984.0,4976.0,4976.0,6097.0,1264732.0,1263282.0,SHFE.rb2201,60
1.62938514e+18,49319.0,4976.0,4980.0,4973.0,4980.0,6897.0,1263282.0,1261237.0,SHFE.rb2201,60
1.6294212e+18,49320.0,4987.0,5016.0,4987.0,5013.0,32801.0,1261237.0,1260706.0,SHFE.rb2201,60
1.62942126e+18,49321.0,5013.0,5014.0,5005.0,5011.0,13429.0,1260706.0,1260933.0,SHFE.rb2201,60
1.62942132e+18,49322.0,5011.0,5014.0,5003.0,5011.0,13494.0,1260933.0,1262472.0,SHFE.rb2201,60
1.62942138e+18,49323.0,5011.0,5015.0,4998.0,5001.0,11268.0,1262472.0,1264079.0,SHFE.rb2201,60
1.62942144e+18,49324.0,5001.0,5007.0,4999.0,5005.0,6689.0,1264079.0,1265105.0,SHFE.rb2201,60
1.6294215e+18,49325.0,5005.0,5008.0,4999.0,5001.0,6845.0,1265105.0,1266239.0,SHFE.rb2201,60
1.62942156e+18,49326.0,5001.0,5013.0,5001.0,5011.0,7232.0,1266239.0,1267026.0,SHFE.rb2201,60
1.62942162e+18,49327.0,5011.0,5017.0,5008.0,5009.0,9675.0,1267026.0,1268244.0,SHFE.rb2201,60
1.62942168e+18,49328.0,5009.0,5011.0,5003.0,5006.0,4950.0,1268244.0,1269065.0,SHFE.rb2201,60
1.62942174e+18,49329.0,5006.0,5009.0,5000.0,5001.0,6611.0,1269065.0,1269127.0,SHFE.rb2201,60
1.6294218e+18,49330.0,5001.0,5007.0,5001.0,5004.0,3913.0,1269127.0,1269531.0,SHFE.rb2201,60
1.62942186e+18,49331.0,5004.0,5007.0,4991.0,4995.0,10377.0,1269531.0,1269475.0,SHFE.rb2201,60
1.62942192e+18,49332.0,4995.0,4997.0,4985.0,4992.0,10846.0,1269475.0,1268921.0,SHFE.rb2201,60
1.62942198e+18,49333.0,4992.0,4995.0,4990.0,4993.0,5219.0,1268921.0,1269148.0,SHFE.rb2201,60
1.62942204e+18,49334.0,4993.0,5000.0,4992.0,4997.0,4680.0,1269148.0,1269643.0,SHFE.rb2201,60
1.6294221e+18,49335.0,4997.0,4998.0,4993.0,4997.0,3818.0,1269643.0,1269471.0,SHFE.rb2201,60
1.62942216e+18,49336.0,4997.0,4997.0,4987.0,4987.0,4874.0,1269471.0,1269914.0,SHFE.rb2201,60
1.62942222e+18,49337.0,4987.0,4998.0,4987.0,4997.0,5355.0,1269914.0,1270925.0,SHFE.rb2201,60
1.62942228e+18,49338.0,4997.0,5002.0,4994.0,4997.0,5017.0,1270925.0,1271572.0,SHFE.rb2201,60
1.62942234e+18,49339.0,4997.0,5000.0,4994.0,4995.0,2295.0,1271572.0,1271956.0,SHFE.rb2201,60
1.6294224e+18,49340.0,4995.0,5010.0,4995.0,5010.0,8500.0,1271956.0,1272631.0,SHFE.rb2201,60
1.62942246e+18,49341.0,5010.0,5013.0,5007.0,5008.0,5808.0,1272631.0,1273332.0,SHFE.rb2201,60
1.62942252e+18,49342.0,5008.0,5015.0,5007.0,5013.0,7429.0,1273332.0,1274752.0,SHFE.rb2201,60
1.62942258e+18,49343.0,5013.0,5029.0,5012.0,5023.0,23873.0,1274752.0,1273858.0,SHFE.rb2201,60
1.62942264e+18,49344.0,5023.0,5024.0,5014.0,5017.0,8954.0,1273858.0,1273704.0,SHFE.rb2201,60
1.6294227e+18,49345.0,5017.0,5019.0,5011.0,5017.0,7462.0,1273704.0,1274697.0,SHFE.rb2201,60
1.62942276e+18,49346.0,5017.0,5022.0,5017.0,5020.0,5742.0,1274697.0,1274596.0,SHFE.rb2201,60
1.62942282e+18,49347.0,5020.0,5021.0,5015.0,5019.0,3496.0,1274596.0,1274618.0,SHFE.rb2201,60
1.62942288e+18,49348.0,5019.0,5025.0,5019.0,5022.0,5227.0,1274618.0,1275594.0,SHFE.rb2201,60
1.62942294e+18,49349.0,5022.0,5032.0,5022.0,5029.0,13368.0,1275594.0,1275989.0,SHFE.rb2201,60
1.629423e+18,49350.0,5029.0,5030.0,5023.0,5024.0,7842.0,1275989.0,1275731.0,SHFE.rb2201,60
1.62942306e+18,49351.0,5024.0,5026.0,5019.0,5021.0,6492.0,1275731.0,1275653.0,SHFE.rb2201,60
1.62942312e+18,49352.0,5021.0,5024.0,5019.0,5023.0,4346.0,1275653.0,1274826.0,SHFE.rb2201,60
1.62942318e+18,49353.0,5023.0,5030.0,5023.0,5025.0,4983.0,1274826.0,1274783.0,SHFE.rb2201,60
1.62942324e+18,49354.0,5025.0,5028.0,5022.0,5028.0,3825.0,1274783.0,1274727.0,SHFE.rb2201,60
1.6294233e+18,49355.0,5028.0,5029.0,5026.0,5028.0,4938.0,1274727.0,1275111.0,SHFE.rb2201,60
1.62942336e+18,49356.0,5028.0,5035.0,5025.0,5033.0,8887.0,1275111.0,1276409.0,SHFE.rb2201,60
1.62942342e+18,49357.0,5033.0,5035.0,5026.0,5033.0,6141.0,1276409.0,1276103.0,SHFE.rb2201,60
1.62942348e+18,49358.0,5033.0,5034.0,5029.0,5033.0,5249.0,1276103.0,1275306.0,SHFE.rb2201,60
1.62942354e+18,49359.0,5033.0,5037.0,5030.0,5031.0,6957.0,1275306.0,1275065.0,SHFE.rb2201,60
1.6294236e+18,49360.0,5031.0,5046.0,5031.0,5046.0,16043.0,1275065.0,1272694.0,SHFE.rb2201,60
1.62942366e+18,49361.0,5046.0,5050.0,5044.0,5047.0,13840.0,1272694.0,1273379.0,SHFE.rb2201,60
1.62942372e+18,49362.0,5047.0,5049.0,5040.0,5040.0,7664.0,1273379.0,1271559.0,SHFE.rb2201,60
1.62942378e+18,49363.0,5040.0,5046.0,5037.0,5046.0,7044.0,1271559.0,1271912.0,SHFE.rb2201,60
1.62942384e+18,49364.0,5046.0,5046.0,5038.0,5041.0,5248.0,1271912.0,1271170.0,SHFE.rb2201,60
1.6294239e+18,49365.0,5041.0,5042.0,5031.0,5034.0,9868.0,1271170.0,1269040.0,SHFE.rb2201,60
1.62942396e+18,49366.0,5034.0,5037.0,5029.0,5036.0,6519.0,1269040.0,1268086.0,SHFE.rb2201,60
1.62942402e+18,49367.0,5036.0,5040.0,5035.0,5038.0,3490.0,1268086.0,1268534.0,SHFE.rb2201,60
1.62942408e+18,49368.0,5038.0,5043.0,5038.0,5038.0,3901.0,1268534.0,1268419.0,SHFE.rb2201,60
1.62942414e+18,49369.0,5038.0,5038.0,5031.0,5032.0,4995.0,1268419.0,1268495.0,SHFE.rb2201,60
1.6294242e+18,49370.0,5032.0,5034.0,5029.0,5031.0,5582.0,1268495.0,1268764.0,SHFE.rb2201,60
1.62942426e+18,49371.0,5031.0,5035.0,5026.0,5035.0,6739.0,1268764.0,1268405.0,SHFE.rb2201,60
1.62942432e+18,49372.0,5035.0,5042.0,5034.0,5042.0,5849.0,1268405.0,1268247.0,SHFE.rb2201,60
1.62942438e+18,49373.0,5042.0,5052.0,5039.0,5051.0,10873.0,1268247.0,1268616.0,SHFE.rb2201,60
1.62942444e+18,49374.0,5051.0,5058.0,5046.0,5057.0,12313.0,1268616.0,1269784.0,SHFE.rb2201,60
1.6294245e+18,49375.0,5057.0,5062.0,5055.0,5056.0,13754.0,1269784.0,1269695.0,SHFE.rb2201,60
1.62942456e+18,49376.0,5056.0,5056.0,5049.0,5050.0,6832.0,1269695.0,1269267.0,SHFE.rb2201,60
1.62942462e+18,49377.0,5050.0,5052.0,5048.0,5051.0,3707.0,1269267.0,1269364.0,SHFE.rb2201,60
1.62942468e+18,49378.0,5051.0,5051.0,5047.0,5047.0,4083.0,1269364.0,1268637.0,SHFE.rb2201,60
1.62942474e+18,49379.0,5047.0,5058.0,5047.0,5054.0,5614.0,1268637.0,1269326.0,SHFE.rb2201,60
1.6294248e+18,49380.0,5054.0,5057.0,5045.0,5046.0,7217.0,1269326.0,1269495.0,SHFE.rb2201,60
1.62942486e+18,49381.0,5046.0,5048.0,5038.0,5039.0,11073.0,1269495.0,1268445.0,SHFE.rb2201,60
1.62942492e+18,49382.0,5039.0,5047.0,5038.0,5043.0,4543.0,1268445.0,1269118.0,SHFE.rb2201,60
1.62942498e+18,49383.0,5043.0,5048.0,5043.0,5045.0,3036.0,1269118.0,1269039.0,SHFE.rb2201,60
1.62942504e+18,49384.0,5045.0,5050.0,5045.0,5049.0,2551.0,1269039.0,1269502.0,SHFE.rb2201,60
1.6294251e+18,49385.0,5049.0,5050.0,5045.0,5048.0,2282.0,1269502.0,1269885.0,SHFE.rb2201,60
1.62942516e+18,49386.0,5048.0,5056.0,5048.0,5055.0,5354.0,1269885.0,1270783.0,SHFE.rb2201,60
1.62942522e+18,49387.0,5055.0,5056.0,5048.0,5051.0,3265.0,1270783.0,1270853.0,SHFE.rb2201,60
1.62942528e+18,49388.0,5051.0,5051.0,5042.0,5044.0,3565.0,1270853.0,1271186.0,SHFE.rb2201,60
1.62942534e+18,49389.0,5044.0,5047.0,5040.0,5042.0,3787.0,1271186.0,1271383.0,SHFE.rb2201,60
1.6294254e+18,49390.0,5042.0,5049.0,5042.0,5048.0,2357.0,1271383.0,1271229.0,SHFE.rb2201,60
1.62942546e+18,49391.0,5048.0,5052.0,5048.0,5051.0,2739.0,1271229.0,1271599.0,SHFE.rb2201,60
1.62942552e+18,49392.0,5051.0,5056.0,5048.0,5049.0,4499.0,1271599.0,1271957.0,SHFE.rb2201,60
1.62942558e+18,49393.0,5049.0,5051.0,5043.0,5046.0,5131.0,1271957.0,1272271.0,SHFE.rb2201,60
1.62942564e+18,49394.0,5046.0,5055.0,5045.0,5054.0,4080.0,1272271.0,1272748.0,SHFE.rb2201,60
1.6294266e+18,49395.0,5055.0,5061.0,5046.0,5051.0,9609.0,1272748.0,1273562.0,SHFE.rb2201,60
1.62942666e+18,49396.0,5051.0,5057.0,5046.0,5057.0,5051.0,1273562.0,1274021.0,SHFE.rb2201,60
1.62942672e+18,49397.0,5057.0,5066.0,5056.0,5062.0,9464.0,1274021.0,1273111.0,SHFE.rb2201,60
1.62942678e+18,49398.0,5062.0,5064.0,5057.0,5058.0,5009.0,1273111.0,1273560.0,SHFE.rb2201,60
1.62942684e+18,49399.0,5058.0,5060.0,5055.0,5057.0,3532.0,1273560.0,1272957.0,SHFE.rb2201,60
1.6294269e+18,49400.0,5057.0,5066.0,5056.0,5058.0,6036.0,1272957.0,1273001.0,SHFE.rb2201,60
1.62942696e+18,49401.0,5058.0,5064.0,5058.0,5062.0,4104.0,1273001.0,1272634.0,SHFE.rb2201,60
1.62942702e+18,49402.0,5062.0,5080.0,5062.0,5078.0,18187.0,1272634.0,1270362.0,SHFE.rb2201,60
1.62942708e+18,49403.0,5078.0,5081.0,5071.0,5079.0,17788.0,1270362.0,1268659.0,SHFE.rb2201,60
1.62942714e+18,49404.0,5079.0,5080.0,5071.0,5073.0,7915.0,1268659.0,1268753.0,SHFE.rb2201,60
1.6294272e+18,49405.0,5073.0,5074.0,5069.0,5070.0,6414.0,1268753.0,1269365.0,SHFE.rb2201,60
1.62942726e+18,49406.0,5070.0,5070.0,5066.0,5068.0,5713.0,1269365.0,1268754.0,SHFE.rb2201,60
1.62942732e+18,49407.0,5068.0,5068.0,5063.0,5065.0,5776.0,1268754.0,1268823.0,SHFE.rb2201,60
1.62942738e+18,49408.0,5065.0,5072.0,5065.0,5067.0,6768.0,1268823.0,1269161.0,SHFE.rb2201,60
1.62942744e+18,49409.0,5067.0,5076.0,5067.0,5070.0,8972.0,1269161.0,1269160.0,SHFE.rb2201,60
1.6294275e+18,49410.0,5070.0,5070.0,5062.0,5062.0,7263.0,1269160.0,1270055.0,SHFE.rb2201,60
1.62942756e+18,49411.0,5062.0,5068.0,5060.0,5064.0,5114.0,1270055.0,1269232.0,SHFE.rb2201,60
1.62942762e+18,49412.0,5064.0,5076.0,5062.0,5074.0,8792.0,1269232.0,1267131.0,SHFE.rb2201,60
1.62942768e+18,49413.0,5074.0,5075.0,5069.0,5070.0,3856.0,1267131.0,1266863.0,SHFE.rb2201,60
1.62942774e+18,49414.0,5070.0,5074.0,5069.0,5072.0,3805.0,1266863.0,1267604.0,SHFE.rb2201,60
1.6294278e+18,49415.0,5072.0,5074.0,5064.0,5067.0,3363.0,1267604.0,1267337.0,SHFE.rb2201,60
1.62942786e+18,49416.0,5067.0,5071.0,5066.0,5070.0,2984.0,1267337.0,1267132.0,SHFE.rb2201,60
1.62942792e+18,49417.0,5070.0,5071.0,5063.0,5064.0,2759.0,1267132.0,1267102.0,SHFE.rb2201,60
1.62942798e+18,49418.0,5064.0,5064.0,5053.0,5057.0,8626.0,1267102.0,1266229.0,SHFE.rb2201,60
1.62942804e+18,49419.0,5057.0,5062.0,5056.0,5056.0,4716.0,1266229.0,1265764.0,SHFE.rb2201,60
1.6294281e+18,49420.0,5056.0,5058.0,5049.0,5052.0,10785.0,1265764.0,1264854.0,SHFE.rb2201,60
1.62942816e+18,49421.0,5052.0,5056.0,5052.0,5055.0,4842.0,1264854.0,1264877.0,SHFE.rb2201,60
1.62942822e+18,49422.0,5055.0,5055.0,5046.0,5048.0,7831.0,1264877.0,1265198.0,SHFE.rb2201,60
1.62942828e+18,49423.0,5048.0,5054.0,5047.0,5053.0,4727.0,1265198.0,1264984.0,SHFE.rb2201,60
1.62942834e+18,49424.0,5053.0,5061.0,5053.0,5054.0,5926.0,1264984.0,1265026.0,SHFE.rb2201,60
1.6294284e+18,49425.0,5054.0,5061.0,5054.0,5061.0,4773.0,1265026.0,1265555.0,SHFE.rb2201,60
1.62942846e+18,49426.0,5061.0,5061.0,5057.0,5059.0,3471.0,1265555.0,1265614.0,SHFE.rb2201,60
1.62942852e+18,49427.0,5059.0,5065.0,5058.0,5064.0,3047.0,1265614.0,1265653.0,SHFE.rb2201,60
1.62942858e+18,49428.0,5064.0,5072.0,5063.0,5070.0,7941.0,1265653.0,1266996.0,SHFE.rb2201,60
1.62942864e+18,49429.0,5070.0,5071.0,5067.0,5068.0,3784.0,1266996.0,1266700.0,SHFE.rb2201,60
1.6294287e+18,49430.0,5068.0,5070.0,5064.0,5065.0,4355.0,1266700.0,1266738.0,SHFE.rb2201,60
1.62942876e+18,49431.0,5065.0,5071.0,5064.0,5070.0,3330.0,1266738.0,1267255.0,SHFE.rb2201,60
1.62942882e+18,49432.0,5070.0,5071.0,5065.0,5066.0,2826.0,1267255.0,1267090.0,SHFE.rb2201,60
1.62942888e+18,49433.0,5066.0,5072.0,5065.0,5070.0,2764.0,1267090.0,1267688.0,SHFE.rb2201,60
1.62942894e+18,49434.0,5070.0,5075.0,5069.0,5074.0,4672.0,1267688.0,1267768.0,SHFE.rb2201,60
1.629429e+18,49435.0,5074.0,5075.0,5069.0,5074.0,6089.0,1267768.0,1268588.0,SHFE.rb2201,60
1.62942906e+18,49436.0,5074.0,5084.0,5074.0,5081.0,12013.0,1268588.0,1268429.0,SHFE.rb2201,60
1.62942912e+18,49437.0,5081.0,5088.0,5080.0,5085.0,13795.0,1268429.0,1268817.0,SHFE.rb2201,60
1.62942918e+18,49438.0,5085.0,5086.0,5081.0,5083.0,5583.0,1268817.0,1269241.0,SHFE.rb2201,60
1.62942924e+18,49439.0,5083.0,5084.0,5082.0,5084.0,3669.0,1269241.0,1269375.0,SHFE.rb2201,60
1.6294293e+18,49440.0,5084.0,5095.0,5084.0,5091.0,14980.0,1269375.0,1266826.0,SHFE.rb2201,60
1.62942936e+18,49441.0,5091.0,5098.0,5091.0,5096.0,17737.0,1266826.0,1267283.0,SHFE.rb2201,60
1.62942942e+18,49442.0,5096.0,5098.0,5092.0,5097.0,10956.0,1267283.0,1267050.0,SHFE.rb2201,60
1.62942948e+18,49443.0,5097.0,5109.0,5097.0,5108.0,25518.0,1267050.0,1264737.0,SHFE.rb2201,60
1.62942954e+18,49444.0,5108.0,5109.0,5094.0,5094.0,17137.0,1264737.0,1264363.0,SHFE.rb2201,60
1.6294296e+18,49445.0,5094.0,5096.0,5086.0,5089.0,15696.0,1264363.0,1263656.0,SHFE.rb2201,60
1.62942966e+18,49446.0,5089.0,5096.0,5087.0,5091.0,10058.0,1263656.0,1263940.0,SHFE.rb2201,60
1.62942972e+18,49447.0,5091.0,5092.0,5084.0,5090.0,6529.0,1263940.0,1263859.0,SHFE.rb2201,60
1.62942978e+18,49448.0,5090.0,5091.0,5082.0,5084.0,7570.0,1263859.0,1264182.0,SHFE.rb2201,60
1.62942984e+18,49449.0,5084.0,5089.0,5084.0,5087.0,4569.0,1264182.0,1264976.0,SHFE.rb2201,60
1.6294299e+18,49450.0,5087.0,5098.0,5086.0,5095.0,6974.0,1264976.0,1265077.0,SHFE.rb2201,60
1.62942996e+18,49451.0,5095.0,5099.0,5094.0,5094.0,4143.0,1265077.0,1265081.0,SHFE.rb2201,60
1.62943002e+18,49452.0,5094.0,5102.0,5094.0,5100.0,7976.0,1265081.0,1264867.0,SHFE.rb2201,60
1.62943008e+18,49453.0,5100.0,5101.0,5089.0,5090.0,7900.0,1264867.0,1265924.0,SHFE.rb2201,60
1.62943014e+18,49454.0,5090.0,5093.0,5085.0,5093.0,7802.0,1265924.0,1265030.0,SHFE.rb2201,60
1.6294374e+18,49455.0,5093.0,5106.0,5081.0,5106.0,21920.0,1265030.0,1266723.0,SHFE.rb2201,60
1.62943746e+18,49456.0,5106.0,5116.0,5100.0,5100.0,18627.0,1266723.0,1265727.0,SHFE.rb2201,60
1.62943752e+18,49457.0,5100.0,5101.0,5096.0,5096.0,9488.0,1265727.0,1265685.0,SHFE.rb2201,60
1.62943758e+18,49458.0,5096.0,5098.0,5091.0,5094.0,10037.0,1265685.0,1265760.0,SHFE.rb2201,60
1.62943764e+18,49459.0,5094.0,5098.0,5092.0,5093.0,5025.0,1265760.0,1266494.0,SHFE.rb2201,60
1.6294377e+18,49460.0,5093.0,5098.0,5092.0,5092.0,3558.0,1266494.0,1267130.0,SHFE.rb2201,60
1.62943776e+18,49461.0,5092.0,5095.0,5086.0,5087.0,7577.0,1267130.0,1266972.0,SHFE.rb2201,60
1.62943782e+18,49462.0,5087.0,5091.0,5084.0,5087.0,5830.0,1266972.0,1268090.0,SHFE.rb2201,60
1.62943788e+18,49463.0,5087.0,5089.0,5084.0,5084.0,4678.0,1268090.0,1268061.0,SHFE.rb2201,60
1.62943794e+18,49464.0,5084.0,5093.0,5084.0,5088.0,5318.0,1268061.0,1268748.0,SHFE.rb2201,60
1.629438e+18,49465.0,5088.0,5091.0,5086.0,5086.0,3721.0,1268748.0,1268945.0,SHFE.rb2201,60
1.62943806e+18,49466.0,5086.0,5089.0,5086.0,5087.0,4472.0,1268945.0,1269984.0,SHFE.rb2201,60
1.62943812e+18,49467.0,5087.0,5087.0,5075.0,5076.0,15374.0,1269984.0,1268859.0,SHFE.rb2201,60
1.62943818e+18,49468.0,5076.0,5076.0,5065.0,5066.0,21169.0,1268859.0,1266879.0,SHFE.rb2201,60
1.62943824e+18,49469.0,5066.0,5075.0,5066.0,5074.0,10925.0,1266879.0,1266674.0,SHFE.rb2201,60
1.6294383e+18,49470.0,5074.0,5081.0,5073.0,5079.0,10318.0,1266674.0,1267256.0,SHFE.rb2201,60
1.62943836e+18,49471.0,5079.0,5082.0,5076.0,5077.0,5465.0,1267256.0,1268159.0,SHFE.rb2201,60
1.62943842e+18,49472.0,5077.0,5081.0,5073.0,5079.0,6872.0,1268159.0,1269134.0,SHFE.rb2201,60
1.62943848e+18,49473.0,5079.0,5083.0,5079.0,5083.0,3480.0,1269134.0,1269224.0,SHFE.rb2201,60
1.62943854e+18,49474.0,5083.0,5092.0,5083.0,5089.0,9703.0,1269224.0,1268392.0,SHFE.rb2201,60
1.6294386e+18,49475.0,5089.0,5092.0,5087.0,5090.0,5675.0,1268392.0,1269020.0,SHFE.rb2201,60
1.62943866e+18,49476.0,5090.0,5091.0,5082.0,5082.0,4412.0,1269020.0,1268795.0,SHFE.rb2201,60
1.62943872e+18,49477.0,5082.0,5085.0,5081.0,5083.0,3513.0,1268795.0,1269209.0,SHFE.rb2201,60
1.62943878e+18,49478.0,5083.0,5086.0,5079.0,5082.0,4156.0,1269209.0,1269410.0,SHFE.rb2201,60
1.62943884e+18,49479.0,5082.0,5089.0,5082.0,5089.0,2467.0,1269410.0,1269580.0,SHFE.rb2201,60
1.6294389e+18,49480.0,5089.0,5090.0,5081.0,5081.0,4140.0,1269580.0,1269243.0,SHFE.rb2201,60
1.62943896e+18,49481.0,5081.0,5084.0,5076.0,5076.0,5888.0,1269243.0,1270145.0,SHFE.rb2201,60
1.62943902e+18,49482.0,5076.0,5081.0,5076.0,5077.0,3799.0,1270145.0,1270515.0,SHFE.rb2201,60
1.62943908e+18,49483.0,5077.0,5090.0,5077.0,5088.0,5651.0,1270515.0,1269158.0,SHFE.rb2201,60
1.62943914e+18,49484.0,5088.0,5090.0,5085.0,5088.0,4799.0,1269158.0,1268862.0,SHFE.rb2201,60
1.6294392e+18,49485.0,5088.0,5092.0,5087.0,5088.0,6852.0,1268862.0,1267752.0,SHFE.rb2201,60
1.62943926e+18,49486.0,5088.0,5090.0,5083.0,5085.0,3435.0,1267752.0,1267797.0,SHFE.rb2201,60
1.62943932e+18,49487.0,5085.0,5090.0,5083.0,5090.0,2034.0,1267797.0,1267723.0,SHFE.rb2201,60
1.62943938e+18,49488.0,5090.0,5091.0,5087.0,5089.0,2814.0,1267723.0,1268419.0,SHFE.rb2201,60
1.62943944e+18,49489.0,5089.0,5092.0,5089.0,5090.0,3527.0,1268419.0,1267909.0,SHFE.rb2201,60
1.6294395e+18,49490.0,5090.0,5091.0,5084.0,5087.0,3368.0,1267909.0,1268504.0,SHFE.rb2201,60
1.62943956e+18,49491.0,5087.0,5092.0,5087.0,5091.0,2703.0,1268504.0,1268692.0,SHFE.rb2201,60
1.62943962e+18,49492.0,5091.0,5097.0,5091.0,5095.0,9414.0,1268692.0,1267832.0,SHFE.rb2201,60
1.62943968e+18,49493.0,5095.0,5097.0,5094.0,5094.0,3323.0,1267832.0,1267865.0,SHFE.rb2201,60
1.62943974e+18,49494.0,5094.0,5097.0,5094.0,5096.0,2266.0,1267865.0,1267997.0,SHFE.rb2201,60
1.6294398e+18,49495.0,5096.0,5097.0,5091.0,5092.0,3382.0,1267997.0,1268070.0,SHFE.rb2201,60
1.62943986e+18,49496.0,5092.0,5100.0,5091.0,5100.0,5279.0,1268070.0,1267945.0,SHFE.rb2201,60
1.62943992e+18,49497.0,5100.0,5108.0,5100.0,5103.0,9527.0,1267945.0,1269167.0,SHFE.rb2201,60
1.62943998e+18,49498.0,5103.0,5103.0,5096.0,5100.0,4075.0,1269167.0,1269682.0,SHFE.rb2201,60
1.62944004e+18,49499.0,5100.0,5101.0,5093.0,5094.0,2917.0,1269682.0,1269815.0,SHFE.rb2201,60
1.6294401e+18,49500.0,5094.0,5102.0,5094.0,5099.0,4417.0,1269815.0,1269693.0,SHFE.rb2201,60
1.62944016e+18,49501.0,5099.0,5111.0,5099.0,5108.0,11386.0,1269693.0,1269811.0,SHFE.rb2201,60
1.62944022e+18,49502.0,5108.0,5109.0,5102.0,5106.0,5240.0,1269811.0,1270143.0,SHFE.rb2201,60
1.62944028e+18,49503.0,5106.0,5111.0,5104.0,5110.0,6478.0,1270143.0,1271194.0,SHFE.rb2201,60
1.62944034e+18,49504.0,5110.0,5118.0,5110.0,5114.0,12428.0,1271194.0,1271315.0,SHFE.rb2201,60
1.6294404e+18,49505.0,5114.0,5117.0,5106.0,5108.0,9673.0,1271315.0,1271925.0,SHFE.rb2201,60
1.62944046e+18,49506.0,5108.0,5112.0,5108.0,5110.0,3823.0,1271925.0,1272394.0,SHFE.rb2201,60
1.62944052e+18,49507.0,5110.0,5113.0,5109.0,5112.0,3394.0,1272394.0,1272431.0,SHFE.rb2201,60
1.62944058e+18,49508.0,5112.0,5116.0,5110.0,5115.0,4854.0,1272431.0,1272524.0,SHFE.rb2201,60
1.62944064e+18,49509.0,5115.0,5117.0,5112.0,5116.0,4393.0,1272524.0,1273091.0,SHFE.rb2201,60
1.6294407e+18,49510.0,5116.0,5120.0,5112.0,5120.0,7833.0,1273091.0,1272103.0,SHFE.rb2201,60
1.62944076e+18,49511.0,5120.0,5120.0,5116.0,5119.0,7726.0,1272103.0,1272143.0,SHFE.rb2201,60
1.62944082e+18,49512.0,5119.0,5125.0,5118.0,5124.0,11558.0,1272143.0,1273404.0,SHFE.rb2201,60
1.62944088e+18,49513.0,5124.0,5124.0,5112.0,5113.0,9773.0,1273404.0,1273397.0,SHFE.rb2201,60
1.62944094e+18,49514.0,5113.0,5115.0,5110.0,5110.0,7626.0,1273397.0,1273698.0,SHFE.rb2201,60
1.629441e+18,49515.0,5110.0,5112.0,5107.0,5110.0,5585.0,1273698.0,1273508.0,SHFE.rb2201,60
1.62944106e+18,49516.0,5110.0,5112.0,5108.0,5112.0,5244.0,1273508.0,1273681.0,SHFE.rb2201,60
1.62944112e+18,49517.0,5112.0,5119.0,5112.0,5116.0,6794.0,1273681.0,1273799.0,SHFE.rb2201,60
1.62944118e+18,49518.0,5116.0,5116.0,5106.0,5106.0,6095.0,1273799.0,1274377.0,SHFE.rb2201,60
1.62944124e+18,49519.0,5106.0,5113.0,5106.0,5110.0,4094.0,1274377.0,1274713.0,SHFE.rb2201,60
1.6294413e+18,49520.0,5110.0,5111.0,5104.0,5107.0,5485.0,1274713.0,1274460.0,SHFE.rb2201,60
1.62944136e+18,49521.0,5107.0,5114.0,5106.0,5111.0,5251.0,1274460.0,1274043.0,SHFE.rb2201,60
1.62944142e+18,49522.0,5111.0,5113.0,5108.0,5109.0,2240.0,1274043.0,1274589.0,SHFE.rb2201,60
1.62944148e+18,49523.0,5109.0,5115.0,5109.0,5113.0,2825.0,1274589.0,1274780.0,SHFE.rb2201,60
1.62944154e+18,49524.0,5113.0,5114.0,5106.0,5107.0,3822.0,1274780.0,1275138.0,SHFE.rb2201,60
1.6294416e+18,49525.0,5107.0,5111.0,5102.0,5102.0,5774.0,1275138.0,1274770.0,SHFE.rb2201,60
1.62944166e+18,49526.0,5102.0,5102.0,5095.0,5095.0,11173.0,1274770.0,1273845.0,SHFE.rb2201,60
1.62944172e+18,49527.0,5095.0,5103.0,5095.0,5102.0,6663.0,1273845.0,1274557.0,SHFE.rb2201,60
1.62944178e+18,49528.0,5102.0,5109.0,5102.0,5108.0,5826.0,1274557.0,1274767.0,SHFE.rb2201,60
1.62944184e+18,49529.0,5108.0,5110.0,5106.0,5108.0,2764.0,1274767.0,1274885.0,SHFE.rb2201,60
1.6294419e+18,49530.0,5108.0,5112.0,5106.0,5108.0,5373.0,1274885.0,1275110.0,SHFE.rb2201,60
1.62944196e+18,49531.0,5108.0,5110.0,5104.0,5105.0,3706.0,1275110.0,1274741.0,SHFE.rb2201,60
1.62944202e+18,49532.0,5105.0,5105.0,5101.0,5104.0,5338.0,1274741.0,1274805.0,SHFE.rb2201,60
1.62944208e+18,49533.0,5104.0,5108.0,5103.0,5103.0,3028.0,1274805.0,1274653.0,SHFE.rb2201,60
1.62944214e+18,49534.0,5103.0,5106.0,5102.0,5105.0,2291.0,1274653.0,1274646.0,SHFE.rb2201,60
1.6294422e+18,49535.0,5105.0,5107.0,5101.0,5104.0,3149.0,1274646.0,1274053.0,SHFE.rb2201,60
1.62944226e+18,49536.0,5104.0,5105.0,5098.0,5100.0,4802.0,1274053.0,1274030.0,SHFE.rb2201,60
1.62944232e+18,49537.0,5100.0,5105.0,5099.0,5105.0,4150.0,1274030.0,1273171.0,SHFE.rb2201,60
1.62944238e+18,49538.0,5105.0,5110.0,5103.0,5108.0,6032.0,1273171.0,1272605.0,SHFE.rb2201,60
1.62944244e+18,49539.0,5108.0,5108.0,5103.0,5104.0,3838.0,1272605.0,1272127.0,SHFE.rb2201,60
1.6294425e+18,49540.0,5104.0,5107.0,5102.0,5106.0,4178.0,1272127.0,1271838.0,SHFE.rb2201,60
1.62944256e+18,49541.0,5106.0,5106.0,5098.0,5099.0,5326.0,1271838.0,1270804.0,SHFE.rb2201,60
1.62944262e+18,49542.0,5099.0,5100.0,5097.0,5097.0,4321.0,1270804.0,1270172.0,SHFE.rb2201,60
1.62944268e+18,49543.0,5097.0,5097.0,5088.0,5095.0,13299.0,1270172.0,1268520.0,SHFE.rb2201,60
1.62944274e+18,49544.0,5095.0,5101.0,5094.0,5100.0,11210.0,1268520.0,1264779.0,SHFE.rb2201,60
1.6294644e+18,49545.0,5104.0,5128.0,5101.0,5120.0,40806.0,1264779.0,1264074.0,SHFE.rb2201,60
1.62946446e+18,49546.0,5120.0,5120.0,5109.0,5111.0,17907.0,1264074.0,1264494.0,SHFE.rb2201,60
1.62946452e+18,49547.0,5111.0,5124.0,5110.0,5123.0,12625.0,1264494.0,1266063.0,SHFE.rb2201,60
1.62946458e+18,49548.0,5123.0,5124.0,5117.0,5118.0,9917.0,1266063.0,1265865.0,SHFE.rb2201,60
1.62946464e+18,49549.0,5118.0,5121.0,5115.0,5115.0,6831.0,1265865.0,1265638.0,SHFE.rb2201,60
1.6294647e+18,49550.0,5115.0,5117.0,5085.0,5094.0,23351.0,1265638.0,1266962.0,SHFE.rb2201,60
1.62946476e+18,49551.0,5094.0,5099.0,5080.0,5087.0,22525.0,1266962.0,1267166.0,SHFE.rb2201,60
1.62946482e+18,49552.0,5087.0,5096.0,5086.0,5094.0,11307.0,1267166.0,1266893.0,SHFE.rb2201,60
1.62946488e+18,49553.0,5094.0,5098.0,5089.0,5096.0,8689.0,1266893.0,1267635.0,SHFE.rb2201,60
1.62946494e+18,49554.0,5096.0,5102.0,5095.0,5096.0,8193.0,1267635.0,1267660.0,SHFE.rb2201,60
1.629465e+18,49555.0,5096.0,5103.0,5094.0,5102.0,6963.0,1267660.0,1268712.0,SHFE.rb2201,60
1.62946506e+18,49556.0,5102.0,5112.0,5099.0,5112.0,9018.0,1268712.0,1268616.0,SHFE.rb2201,60
1.62946512e+18,49557.0,5112.0,5115.0,5108.0,5111.0,9409.0,1268616.0,1268559.0,SHFE.rb2201,60
1.62946518e+18,49558.0,5111.0,5111.0,5098.0,5100.0,9717.0,1268559.0,1269724.0,SHFE.rb2201,60
1.62946524e+18,49559.0,5100.0,5109.0,5099.0,5101.0,6020.0,1269724.0,1270263.0,SHFE.rb2201,60
1.6294653e+18,49560.0,5101.0,5101.0,5095.0,5100.0,7584.0,1270263.0,1270715.0,SHFE.rb2201,60
1.62946536e+18,49561.0,5100.0,5105.0,5097.0,5097.0,5649.0,1270715.0,1271251.0,SHFE.rb2201,60
1.62946542e+18,49562.0,5097.0,5100.0,5093.0,5096.0,5722.0,1271251.0,1271455.0,SHFE.rb2201,60
1.62946548e+18,49563.0,5096.0,5101.0,5096.0,5100.0,3656.0,1271455.0,1271430.0,SHFE.rb2201,60
1.62946554e+18,49564.0,5100.0,5102.0,5094.0,5102.0,4455.0,1271430.0,1271223.0,SHFE.rb2201,60
1.6294656e+18,49565.0,5102.0,5104.0,5097.0,5098.0,5562.0,1271223.0,1270746.0,SHFE.rb2201,60
1.62946566e+18,49566.0,5098.0,5098.0,5090.0,5093.0,7198.0,1270746.0,1270738.0,SHFE.rb2201,60
1.62946572e+18,49567.0,5093.0,5102.0,5090.0,5099.0,6025.0,1270738.0,1270812.0,SHFE.rb2201,60
1.62946578e+18,49568.0,5099.0,5100.0,5095.0,5097.0,4059.0,1270812.0,1270895.0,SHFE.rb2201,60
1.62946584e+18,49569.0,5097.0,5098.0,5091.0,5093.0,3423.0,1270895.0,1270788.0,SHFE.rb2201,60
1.6294659e+18,49570.0,5093.0,5100.0,5090.0,5093.0,5610.0,1270788.0,1270682.0,SHFE.rb2201,60
1.62946596e+18,49571.0,5093.0,5096.0,5090.0,5091.0,4146.0,1270682.0,1271035.0,SHFE.rb2201,60
1.62946602e+18,49572.0,5091.0,5095.0,5088.0,5091.0,4683.0,1271035.0,1270993.0,SHFE.rb2201,60
1.62946608e+18,49573.0,5091.0,5095.0,5077.0,5079.0,13213.0,1270993.0,1271466.0,SHFE.rb2201,60
1.62946614e+18,49574.0,5079.0,5080.0,5070.0,5080.0,19530.0,1271466.0,1269898.0,SHFE.rb2201,60
1.6294662e+18,49575.0,5080.0,5083.0,5072.0,5073.0,10959.0,1269898.0,1271044.0,SHFE.rb2201,60
1.62946626e+18,49576.0,5073.0,5080.0,5068.0,5075.0,12431.0,1271044.0,1271575.0,SHFE.rb2201,60
1.62946632e+18,49577.0,5075.0,5077.0,5070.0,5072.0,6734.0,1271575.0,1271971.0,SHFE.rb2201,60
1.62946638e+18,49578.0,5072.0,5077.0,5069.0,5075.0,6956.0,1271971.0,1271842.0,SHFE.rb2201,60
1.62946644e+18,49579.0,5075.0,5087.0,5075.0,5084.0,8858.0,1271842.0,1271883.0,SHFE.rb2201,60
1.6294665e+18,49580.0,5084.0,5087.0,5080.0,5082.0,5177.0,1271883.0,1271890.0,SHFE.rb2201,60
1.62946656e+18,49581.0,5082.0,5085.0,5078.0,5085.0,4220.0,1271890.0,1271802.0,SHFE.rb2201,60
1.62946662e+18,49582.0,5085.0,5086.0,5082.0,5086.0,2966.0,1271802.0,1271471.0,SHFE.rb2201,60
1.62946668e+18,49583.0,5086.0,5092.0,5085.0,5089.0,5648.0,1271471.0,1270505.0,SHFE.rb2201,60
1.62946674e+18,49584.0,5089.0,5096.0,5088.0,5093.0,5032.0,1270505.0,1270540.0,SHFE.rb2201,60
1.6294668e+18,49585.0,5093.0,5093.0,5086.0,5086.0,4358.0,1270540.0,1270642.0,SHFE.rb2201,60
1.62946686e+18,49586.0,5086.0,5086.0,5080.0,5084.0,4575.0,1270642.0,1270712.0,SHFE.rb2201,60
1.62946692e+18,49587.0,5084.0,5088.0,5082.0,5085.0,4466.0,1270712.0,1271303.0,SHFE.rb2201,60
1.62946698e+18,49588.0,5085.0,5085.0,5076.0,5079.0,5052.0,1271303.0,1271722.0,SHFE.rb2201,60
1.62946704e+18,49589.0,5079.0,5084.0,5079.0,5082.0,3695.0,1271722.0,1271776.0,SHFE.rb2201,60
1.6294671e+18,49590.0,5082.0,5090.0,5082.0,5088.0,4661.0,1271776.0,1271339.0,SHFE.rb2201,60
1.62946716e+18,49591.0,5088.0,5092.0,5084.0,5089.0,4822.0,1271339.0,1271614.0,SHFE.rb2201,60
1.62946722e+18,49592.0,5089.0,5092.0,5088.0,5091.0,3006.0,1271614.0,1272008.0,SHFE.rb2201,60
1.62946728e+18,49593.0,5091.0,5104.0,5091.0,5103.0,12573.0,1272008.0,1270287.0,SHFE.rb2201,60
1.62946734e+18,49594.0,5103.0,5107.0,5100.0,5105.0,10348.0,1270287.0,1269499.0,SHFE.rb2201,60
1.6294674e+18,49595.0,5105.0,5116.0,5102.0,5115.0,13152.0,1269499.0,1268494.0,SHFE.rb2201,60
1.62946746e+18,49596.0,5115.0,5120.0,5111.0,5114.0,13848.0,1268494.0,1267266.0,SHFE.rb2201,60
1.62946752e+18,49597.0,5114.0,5148.0,5114.0,5144.0,43845.0,1267266.0,1259202.0,SHFE.rb2201,60
1.62946758e+18,49598.0,5144.0,5144.0,5127.0,5128.0,17735.0,1259202.0,1257958.0,SHFE.rb2201,60
1.62946764e+18,49599.0,5128.0,5138.0,5127.0,5136.0,13748.0,1257958.0,1256839.0,SHFE.rb2201,60
1.6294677e+18,49600.0,5136.0,5139.0,5131.0,5132.0,11195.0,1256839.0,1255476.0,SHFE.rb2201,60
1.62946776e+18,49601.0,5132.0,5141.0,5132.0,5141.0,9798.0,1255476.0,1256889.0,SHFE.rb2201,60
1.62946782e+18,49602.0,5141.0,5142.0,5134.0,5137.0,6971.0,1256889.0,1256322.0,SHFE.rb2201,60
1.62946788e+18,49603.0,5137.0,5137.0,5128.0,5128.0,7499.0,1256322.0,1254829.0,SHFE.rb2201,60
1.62946794e+18,49604.0,5128.0,5136.0,5127.0,5136.0,7625.0,1254829.0,1254134.0,SHFE.rb2201,60
1.629468e+18,49605.0,5136.0,5137.0,5127.0,5130.0,5813.0,1254134.0,1253010.0,SHFE.rb2201,60
1.62946806e+18,49606.0,5130.0,5131.0,5126.0,5128.0,6432.0,1253010.0,1252925.0,SHFE.rb2201,60
1.62946812e+18,49607.0,5128.0,5132.0,5126.0,5128.0,4030.0,1252925.0,1253385.0,SHFE.rb2201,60
1.62946818e+18,49608.0,5128.0,5129.0,5127.0,5128.0,3656.0,1253385.0,1252945.0,SHFE.rb2201,60
1.62946824e+18,49609.0,5128.0,5136.0,5128.0,5132.0,4993.0,1252945.0,1252988.0,SHFE.rb2201,60
1.6294683e+18,49610.0,5132.0,5133.0,5126.0,5130.0,5331.0,1252988.0,1252845.0,SHFE.rb2201,60
1.62946836e+18,49611.0,5130.0,5133.0,5128.0,5132.0,3595.0,1252845.0,1253306.0,SHFE.rb2201,60
1.62946842e+18,49612.0,5132.0,5132.0,5127.0,5130.0,2734.0,1253306.0,1253318.0,SHFE.rb2201,60
1.62946848e+18,49613.0,5130.0,5130.0,5113.0,5116.0,13999.0,1253318.0,1252924.0,SHFE.rb2201,60
1.62946854e+18,49614.0,5116.0,5121.0,5116.0,5120.0,4678.0,1252924.0,1253444.0,SHFE.rb2201,60
1.6294686e+18,49615.0,5120.0,5128.0,5119.0,5119.0,4903.0,1253444.0,1253194.0,SHFE.rb2201,60
1.62946866e+18,49616.0,5119.0,5123.0,5117.0,5123.0,3603.0,1253194.0,1253574.0,SHFE.rb2201,60
1.62946872e+18,49617.0,5123.0,5126.0,5122.0,5125.0,2898.0,1253574.0,1253959.0,SHFE.rb2201,60
1.62946878e+18,49618.0,5125.0,5128.0,5116.0,5116.0,5857.0,1253959.0,1252763.0,SHFE.rb2201,60
1.62946884e+18,49619.0,5116.0,5120.0,5116.0,5118.0,2510.0,1252763.0,1252430.0,SHFE.rb2201,60
1.6294689e+18,49620.0,5118.0,5123.0,5118.0,5121.0,2420.0,1252430.0,1252261.0,SHFE.rb2201,60
1.62946896e+18,49621.0,5121.0,5121.0,5113.0,5118.0,4266.0,1252261.0,1252577.0,SHFE.rb2201,60
1.62946902e+18,49622.0,5118.0,5124.0,5117.0,5124.0,3432.0,1252577.0,1252625.0,SHFE.rb2201,60
1.62946908e+18,49623.0,5124.0,5124.0,5118.0,5123.0,2396.0,1252625.0,1252355.0,SHFE.rb2201,60
1.62946914e+18,49624.0,5123.0,5123.0,5118.0,5118.0,1451.0,1252355.0,1252242.0,SHFE.rb2201,60
1.6294692e+18,49625.0,5118.0,5121.0,5117.0,5121.0,1568.0,1252242.0,1252273.0,SHFE.rb2201,60
1.62946926e+18,49626.0,5121.0,5124.0,5119.0,5124.0,1704.0,1252273.0,1252282.0,SHFE.rb2201,60
1.62946932e+18,49627.0,5124.0,5124.0,5120.0,5123.0,2324.0,1252282.0,1252314.0,SHFE.rb2201,60
1.62946938e+18,49628.0,5123.0,5132.0,5122.0,5130.0,5903.0,1252314.0,1251909.0,SHFE.rb2201,60
1.62946944e+18,49629.0,5130.0,5130.0,5125.0,5130.0,3055.0,1251909.0,1252325.0,SHFE.rb2201,60
1.6294695e+18,49630.0,5130.0,5131.0,5126.0,5131.0,3041.0,1252325.0,1252000.0,SHFE.rb2201,60
1.62946956e+18,49631.0,5131.0,5135.0,5128.0,5132.0,4133.0,1252000.0,1252211.0,SHFE.rb2201,60
1.62946962e+18,49632.0,5132.0,5132.0,5126.0,5127.0,2958.0,1252211.0,1252145.0,SHFE.rb2201,60
1.62946968e+18,49633.0,5127.0,5129.0,5124.0,5124.0,2207.0,1252145.0,1252366.0,SHFE.rb2201,60
1.62946974e+18,49634.0,5124.0,5129.0,5124.0,5129.0,2244.0,1252366.0,1252334.0,SHFE.rb2201,60
1.6294698e+18,49635.0,5129.0,5131.0,5120.0,5121.0,5497.0,1252334.0,1252500.0,SHFE.rb2201,60
1.62946986e+18,49636.0,5121.0,5121.0,5116.0,5119.0,4035.0,1252500.0,1252241.0,SHFE.rb2201,60
1.62946992e+18,49637.0,5119.0,5123.0,5119.0,5120.0,2163.0,1252241.0,1252029.0,SHFE.rb2201,60
1.62946998e+18,49638.0,5120.0,5125.0,5120.0,5123.0,1937.0,1252029.0,1251849.0,SHFE.rb2201,60
1.62947004e+18,49639.0,5123.0,5129.0,5123.0,5126.0,3204.0,1251849.0,1251584.0,SHFE.rb2201,60
1.6294701e+18,49640.0,5126.0,5132.0,5126.0,5130.0,3761.0,1251584.0,1251658.0,SHFE.rb2201,60
1.62947016e+18,49641.0,5130.0,5132.0,5128.0,5131.0,2536.0,1251658.0,1252162.0,SHFE.rb2201,60
1.62947022e+18,49642.0,5131.0,5135.0,5129.0,5133.0,4701.0,1252162.0,1252282.0,SHFE.rb2201,60
1.62947028e+18,49643.0,5133.0,5134.0,5130.0,5132.0,3162.0,1252282.0,1252332.0,SHFE.rb2201,60
1.62947034e+18,49644.0,5132.0,5132.0,5126.0,5128.0,2640.0,1252332.0,1251931.0,SHFE.rb2201,60
1.6294704e+18,49645.0,5128.0,5130.0,5125.0,5128.0,2552.0,1251931.0,1251992.0,SHFE.rb2201,60
1.62947046e+18,49646.0,5128.0,5128.0,5122.0,5125.0,3645.0,1251992.0,1251414.0,SHFE.rb2201,60
1.62947052e+18,49647.0,5125.0,5137.0,5125.0,5134.0,7574.0,1251414.0,1249841.0,SHFE.rb2201,60
1.62947058e+18,49648.0,5134.0,5147.0,5134.0,5143.0,15431.0,1249841.0,1249486.0,SHFE.rb2201,60
1.62947064e+18,49649.0,5143.0,5144.0,5137.0,5140.0,6539.0,1249486.0,1249036.0,SHFE.rb2201,60
1.6294707e+18,49650.0,5140.0,5141.0,5131.0,5132.0,7809.0,1249036.0,1249221.0,SHFE.rb2201,60
1.62947076e+18,49651.0,5132.0,5140.0,5132.0,5136.0,4074.0,1249221.0,1248815.0,SHFE.rb2201,60
1.62947082e+18,49652.0,5136.0,5138.0,5131.0,5137.0,3732.0,1248815.0,1248444.0,SHFE.rb2201,60
1.62947088e+18,49653.0,5137.0,5141.0,5136.0,5139.0,3126.0,1248444.0,1248191.0,SHFE.rb2201,60
1.62947094e+18,49654.0,5139.0,5141.0,5135.0,5138.0,3299.0,1248191.0,1247997.0,SHFE.rb2201,60
1.629471e+18,49655.0,5138.0,5141.0,5135.0,5141.0,5886.0,1247997.0,1246950.0,SHFE.rb2201,60
1.62947106e+18,49656.0,5141.0,5154.0,5140.0,5145.0,12382.0,1246950.0,1245747.0,SHFE.rb2201,60
1.62947112e+18,49657.0,5145.0,5149.0,5145.0,5146.0,4774.0,1245747.0,1245995.0,SHFE.rb2201,60
1.62947118e+18,49658.0,5146.0,5147.0,5137.0,5139.0,6626.0,1245995.0,1246145.0,SHFE.rb2201,60
1.62947124e+18,49659.0,5139.0,5143.0,5136.0,5143.0,5465.0,1246145.0,1245732.0,SHFE.rb2201,60
1.6294713e+18,49660.0,5143.0,5143.0,5139.0,5140.0,3046.0,1245732.0,1245515.0,SHFE.rb2201,60
1.62947136e+18,49661.0,5140.0,5145.0,5139.0,5144.0,2772.0,1245515.0,1245205.0,SHFE.rb2201,60
1.62947142e+18,49662.0,5144.0,5148.0,5143.0,5148.0,4242.0,1245205.0,1244675.0,SHFE.rb2201,60
1.62947148e+18,49663.0,5148.0,5160.0,5146.0,5160.0,14532.0,1244675.0,1241525.0,SHFE.rb2201,60
1.62947154e+18,49664.0,5160.0,5164.0,5148.0,5152.0,18495.0,1241525.0,1235873.0,SHFE.rb2201,60
